symbol,price,signal,target,stop,strategy,confidence,risk_reward,position_size,expected_loss,time
BTCIRT,111474.160321,hold,111474.160321,111474.160321,InsufficientData,0.3,0,0,0.0,2025-10-15T13:52:20.844464
ETHIRT,4046.284935,hold,4046.284935,4046.284935,InsufficientData,0.3,0,0,0.0,2025-10-15T13:52:21.340921
BNBIRT,1174.966739,hold,1174.966739,1174.966739,InsufficientData,0.3,0,0,0.0,2025-10-15T13:52:21.785663
XRPIRT,2.465177,hold,2.465177,2.465177,InsufficientData,0.3,0,0,0.0,2025-10-15T13:52:22.370441
DOGEIRT,0.199198,hold,0.199198,0.199198,InsufficientData,0.3,0,0,0.0,2025-10-15T13:52:23.086097
BTCIRT,111741.928478,hold,111741.928478,111741.928478,InsufficientData,0.3,0,0,0.0,2025-10-15T13:52:24.539723
ETHIRT,4046.248414,hold,4046.248414,4046.248414,InsufficientData,0.3,0,0,0.0,2025-10-15T13:52:25.105542
BNBIRT,1174.956134,hold,1174.956134,1174.956134,InsufficientData,0.3,0,0,0.0,2025-10-15T13:52:25.562395
XRPIRT,2.465155,hold,2.465155,2.465155,InsufficientData,0.3,0,0,0.0,2025-10-15T13:52:26.086758
DOGEIRT,0.199197,hold,0.199197,0.199197,InsufficientData,0.3,0,0,0.0,2025-10-15T13:52:26.541990
BTCIRT,111741.928478,hold,111741.928478,111741.928478,InsufficientData,0.3,0,0,0.0,2025-10-15T13:52:28.038717
ETHIRT,4046.247836,hold,4046.247836,4046.247836,InsufficientData,0.3,0,0,0.0,2025-10-15T13:52:28.511217
BNBIRT,1174.956134,hold,1174.956134,1174.956134,InsufficientData,0.3,0,0,0.0,2025-10-15T13:52:28.950021
XRPIRT,2.465155,hold,2.465155,2.465155,InsufficientData,0.3,0,0,0.0,2025-10-15T13:52:29.313678
DOGEIRT,0.19927,hold,0.19927,0.19927,InsufficientData,0.3,0,0,0.0,2025-10-15T13:52:29.740483
BTCIRT,111740.919904,hold,111740.919904,111740.919904,InsufficientData,0.3,0,0,0.0,2025-10-15T13:52:31.216745
ETHIRT,4046.211315,hold,4046.211315,4046.211315,InsufficientData,0.3,0,0,0.0,2025-10-15T13:52:31.695839
BNBIRT,1174.945529,hold,1174.945529,1174.945529,InsufficientData,0.3,0,0,0.0,2025-10-15T13:52:32.154402
XRPIRT,2.465133,hold,2.465133,2.465133,InsufficientData,0.3,0,0,0.0,2025-10-15T13:52:32.601516
DOGEIRT,0.199268,hold,0.199268,0.199268,InsufficientData,0.3,0,0,0.0,2025-10-15T13:52:33.054195
BTCIRT,111486.321558,hold,111486.321558,111486.321558,InsufficientData,0.3,0,0,0.0,2025-10-15T13:52:34.767011
ETHIRT,4046.211315,hold,4046.211315,4046.211315,InsufficientData,0.3,0,0,0.0,2025-10-15T13:52:35.215595
BNBIRT,1174.945529,hold,1174.945529,1174.945529,InsufficientData,0.3,0,0,0.0,2025-10-15T13:52:35.667916
XRPIRT,2.465133,hold,2.465133,2.465133,InsufficientData,0.3,0,0,0.0,2025-10-15T13:52:36.140269
DOGEIRT,0.199268,hold,0.199268,0.199268,InsufficientData,0.3,0,0,0.0,2025-10-15T13:52:36.476449
BTCIRT,111486.321558,hold,111486.321558,111486.321558,InsufficientData,0.3,0,0,0.0,2025-10-15T13:52:37.952614
ETHIRT,4046.211288,hold,4046.211288,4046.211288,InsufficientData,0.3,0,0,0.0,2025-10-15T13:52:38.516569
BNBIRT,1174.945529,hold,1174.945529,1174.945529,InsufficientData,0.3,0,0,0.0,2025-10-15T13:52:38.954310
XRPIRT,2.466288,hold,2.466288,2.466288,InsufficientData,0.3,0,0,0.0,2025-10-15T13:52:39.419234
DOGEIRT,0.199268,hold,0.199268,0.199268,InsufficientData,0.3,0,0,0.0,2025-10-15T13:52:39.853394
BTCIRT,111486.321558,hold,111486.321558,111486.321558,InsufficientData,0.3,0,0,0.0,2025-10-15T13:52:41.304917
ETHIRT,4046.211288,hold,4046.211288,4046.211288,InsufficientData,0.3,0,0,0.0,2025-10-15T13:52:41.807308
BNBIRT,1174.606268,hold,1174.606268,1174.606268,InsufficientData,0.3,0,0,0.0,2025-10-15T13:52:42.325752
XRPIRT,2.465576,hold,2.465576,2.465576,InsufficientData,0.3,0,0,0.0,2025-10-15T13:52:42.777734
DOGEIRT,0.19921,hold,0.19921,0.19921,InsufficientData,0.3,0,0,0.0,2025-10-15T13:52:43.230620
BTCIRT,111454.130315,hold,111454.130315,111454.130315,InsufficientData,0.3,0,0,0.0,2025-10-15T13:52:44.703594
ETHIRT,4045.04296,hold,4045.04296,4045.04296,InsufficientData,0.3,0,0,0.0,2025-10-15T13:52:45.158025
BNBIRT,1174.606268,hold,1174.606268,1174.606268,InsufficientData,0.3,0,0,0.0,2025-10-15T13:52:45.769190
XRPIRT,2.465576,hold,2.465576,2.465576,InsufficientData,0.3,0,0,0.0,2025-10-15T13:52:46.262130
DOGEIRT,0.199227,hold,0.199227,0.199227,InsufficientData,0.3,0,0,0.0,2025-10-15T13:52:46.714442
BTCIRT,111454.130315,hold,111454.130315,111454.130315,InsufficientData,0.3,0,0,0.0,2025-10-15T13:52:48.176095
ETHIRT,4033.277133,hold,4033.277133,4033.277133,InsufficientData,0.3,0,0,0.0,2025-10-15T13:52:48.630511
BNBIRT,1174.606268,hold,1174.606268,1174.606268,InsufficientData,0.3,0,0,0.0,2025-10-15T13:52:49.098800
XRPIRT,2.465576,hold,2.465576,2.465576,InsufficientData,0.3,0,0,0.0,2025-10-15T13:52:49.553726
DOGEIRT,0.199281,hold,0.199281,0.199281,InsufficientData,0.3,0,0,0.0,2025-10-15T13:52:50.060969
BTCIRT,111484.30906,hold,111484.30906,111484.30906,InsufficientData,0.3,0,0,0.0,2025-10-15T13:52:51.898062
ETHIRT,4034.369235,hold,4034.369235,4034.369235,InsufficientData,0.3,0,0,0.0,2025-10-15T13:52:52.469071
BNBIRT,1174.924319,hold,1174.924319,1174.924319,InsufficientData,0.3,0,0,0.0,2025-10-15T13:52:52.845070
XRPIRT,2.466244,hold,2.466244,2.466244,InsufficientData,0.3,0,0,0.0,2025-10-15T13:52:53.281140
DOGEIRT,0.199281,hold,0.199281,0.199281,InsufficientData,0.3,0,0,0.0,2025-10-15T13:52:53.741848
BTCIRT,111454.130315,hold,111454.130315,111454.130315,InsufficientData,0.3,0,0,0.0,2025-10-15T13:52:55.309337
ETHIRT,4033.277133,hold,4033.277133,4033.277133,InsufficientData,0.3,0,0,0.0,2025-10-15T13:52:55.829315
BNBIRT,1174.606268,hold,1174.606268,1174.606268,InsufficientData,0.3,0,0,0.0,2025-10-15T13:52:56.360071
XRPIRT,2.465576,hold,2.465576,2.465576,InsufficientData,0.3,0,0,0.0,2025-10-15T13:52:56.822153
DOGEIRT,0.199227,hold,0.199227,0.199227,InsufficientData,0.3,0,0,0.0,2025-10-15T13:52:57.206728
BTCIRT,111447.341993,hold,111447.341993,111447.341993,InsufficientData,0.3,0,0,0.0,2025-10-15T13:52:58.680088
ETHIRT,4033.277133,hold,4033.277133,4033.277133,InsufficientData,0.3,0,0,0.0,2025-10-15T13:53:00.260882
BNBIRT,1174.606268,hold,1174.606268,1174.606268,InsufficientData,0.3,0,0,0.0,2025-10-15T13:53:00.730855
XRPIRT,2.465576,hold,2.465576,2.465576,InsufficientData,0.3,0,0,0.0,2025-10-15T13:53:01.379138
DOGEIRT,0.199227,hold,0.199227,0.199227,InsufficientData,0.3,0,0,0.0,2025-10-15T13:53:01.905311
BTCIRT,111454.130315,hold,111454.130315,111454.130315,InsufficientData,0.3,0,0,0.0,2025-10-15T13:53:03.495878
ETHIRT,4033.277133,hold,4033.277133,4033.277133,InsufficientData,0.3,0,0,0.0,2025-10-15T13:53:05.323127
BNBIRT,1173.607215,hold,1173.607215,1173.607215,InsufficientData,0.3,0,0,0.0,2025-10-15T13:53:05.796951
XRPIRT,2.465576,hold,2.465576,2.465576,InsufficientData,0.3,0,0,0.0,2025-10-15T13:53:06.242794
DOGEIRT,0.199318,hold,0.199318,0.199318,InsufficientData,0.3,0,0,0.0,2025-10-15T13:53:06.702854
BTCIRT,111447.328313,hold,111447.328313,111447.328313,InsufficientData,0.3,0,0,0.0,2025-10-15T13:53:08.191240
ETHIRT,4039.621706,hold,4039.621706,4039.621706,InsufficientData,0.3,0,0,0.0,2025-10-15T13:53:08.631663
BNBIRT,1173.99917,hold,1173.99917,1173.99917,InsufficientData,0.3,0,0,0.0,2025-10-15T13:53:09.118638
XRPIRT,2.466399,hold,2.466399,2.466399,InsufficientData,0.3,0,0,0.0,2025-10-15T13:53:09.621991
DOGEIRT,0.19981,hold,0.19981,0.19981,InsufficientData,0.3,0,0,0.0,2025-10-15T13:53:10.203666
BTCIRT,111477.178929,hold,111477.178929,111477.178929,InsufficientData,0.3,0,0,0.0,2025-10-15T13:53:14.759788
ETHIRT,4040.970836,hold,4040.970836,4040.970836,InsufficientData,0.3,0,0,0.0,2025-10-15T13:53:15.209454
BNBIRT,1173.99917,hold,1173.99917,1173.99917,InsufficientData,0.3,0,0,0.0,2025-10-15T13:53:15.670888
XRPIRT,2.466399,hold,2.466399,2.466399,InsufficientData,0.3,0,0,0.0,2025-10-15T13:53:16.154623
DOGEIRT,0.19981,hold,0.19981,0.19981,InsufficientData,0.3,0,0,0.0,2025-10-15T13:53:16.604828
BTCIRT,111498.398068,hold,111498.398068,111498.398068,InsufficientData,0.3,0,0,0.0,2025-10-15T13:53:19.167272
ETHIRT,4044.051273,hold,4044.051273,4044.051273,InsufficientData,0.3,0,0,0.0,2025-10-15T13:53:19.632206
BNBIRT,1174.073353,hold,1174.073353,1174.073353,InsufficientData,0.3,0,0,0.0,2025-10-15T13:53:20.089415
XRPIRT,2.466555,hold,2.466555,2.466555,InsufficientData,0.3,0,0,0.0,2025-10-15T13:53:20.536440
DOGEIRT,0.199823,hold,0.199823,0.199823,InsufficientData,0.3,0,0,0.0,2025-10-15T13:53:20.982602
BTCIRT,111498.398068,hold,111498.398068,111498.398068,InsufficientData,0.3,0,0,0.0,2025-10-15T13:53:22.453075
ETHIRT,4044.051273,hold,4044.051273,4044.051273,InsufficientData,0.3,0,0,0.0,2025-10-15T13:53:22.803333
BNBIRT,1174.073353,hold,1174.073353,1174.073353,InsufficientData,0.3,0,0,0.0,2025-10-15T13:53:23.175123
XRPIRT,2.466555,hold,2.466555,2.466555,InsufficientData,0.3,0,0,0.0,2025-10-15T13:53:23.545365
DOGEIRT,0.199823,hold,0.199823,0.199823,InsufficientData,0.3,0,0,0.0,2025-10-15T13:53:24.152158
BTCIRT,111491.593365,hold,111491.593365,111491.593365,InsufficientData,0.3,0,0,0.0,2025-10-15T13:53:25.650629
ETHIRT,4044.051273,hold,4044.051273,4044.051273,InsufficientData,0.3,0,0,0.0,2025-10-15T13:53:26.112415
BNBIRT,1174.073353,hold,1174.073353,1174.073353,InsufficientData,0.3,0,0,0.0,2025-10-15T13:53:26.582804
XRPIRT,2.473082,hold,2.473082,2.473082,InsufficientData,0.3,0,0,0.0,2025-10-15T13:53:26.953763
DOGEIRT,0.199861,hold,0.199861,0.199861,InsufficientData,0.3,0,0,0.0,2025-10-15T13:53:30.542190
BTCIRT,111506.450529,hold,111506.450529,111506.450529,InsufficientData,0.3,0,0,0.0,2025-10-15T13:53:31.984161
ETHIRT,4044.343336,hold,4044.343336,4044.343336,InsufficientData,0.3,0,0,0.0,2025-10-15T13:53:33.517679
BNBIRT,1174.158145,hold,1174.158145,1174.158145,InsufficientData,0.3,0,0,0.0,2025-10-15T13:53:33.967994
XRPIRT,2.473082,hold,2.473082,2.473082,InsufficientData,0.3,0,0,0.0,2025-10-15T13:53:34.413433
DOGEIRT,0.199847,hold,0.199847,0.199847,InsufficientData,0.3,0,0,0.0,2025-10-15T13:53:34.860898
BTCIRT,111498.398068,sell,109825.922097,113170.874039,MAfast<MAslow,0.6,1.0,0.005979,9.999734,2025-10-15T13:53:36.462061
ETHIRT,4044.301237,buy,4104.965756,3983.636718,MAfast>MAslow,0.6,1.0,0.164841,10.0,2025-10-15T13:53:36.912779
BNBIRT,1174.073353,sell,1156.462253,1191.684453,MAfast<MAslow,0.6,1.0,0.567824,10.000005,2025-10-15T13:53:37.400060
XRPIRT,2.473082,sell,2.448351,2.497813,RSI>70,0.7,1.0,404.353758,10.000073,2025-10-15T13:53:37.883779
DOGEIRT,0.199847,sell,0.197849,0.201845,RSI>70,0.7,1.0,5003.827928,9.997648,2025-10-15T13:53:38.376993
BTCIRT,111491.60705,sell,109819.232944,113163.981156,MAfast<MAslow,0.6,1.0,0.00598,10.000797,2025-10-15T13:53:39.904592
ETHIRT,4044.301237,buy,4104.965756,3983.636718,MAfast>MAslow,0.6,1.0,0.164841,10.0,2025-10-15T13:53:40.672108
BNBIRT,1174.073353,sell,1156.462253,1191.684453,MAfast<MAslow,0.6,1.0,0.567824,10.000005,2025-10-15T13:53:41.250109
XRPIRT,2.469092,buy,2.506128,2.432056,MAfast>MAslow,0.6,1.0,270.00479,9.999897,2025-10-15T13:53:41.730618
DOGEIRT,0.200203,sell,0.198201,0.202205,RSI>70,0.7,1.0,4994.930146,9.99985,2025-10-15T13:53:45.289282
BTCIRT,111477.206306,sell,109805.048211,113149.364401,MAfast<MAslow,0.6,1.0,0.00598,9.999505,2025-10-15T13:53:46.756565
ETHIRT,4059.363833,buy,4120.25429,3998.473376,MAfast>MAslow,0.6,1.0,0.164229,9.999979,2025-10-15T13:53:47.226004
BNBIRT,1173.99917,sell,1156.389182,1191.609158,MAfast<MAslow,0.6,1.0,0.56786,10.000008,2025-10-15T13:53:47.710969
XRPIRT,2.468936,buy,2.50597,2.431902,MAfast>MAslow,0.6,1.0,270.02185,9.999989,2025-10-15T13:53:48.311415
DOGEIRT,0.200203,sell,0.198201,0.202205,RSI>70,0.7,1.0,4994.930146,9.99985,2025-10-15T13:53:48.773669
BTCIRT,111477.206306,sell,109805.048211,113149.364401,MAfast<MAslow,0.6,1.0,0.00598,9.999505,2025-10-15T13:53:51.243808
ETHIRT,4059.363833,sell,4018.770195,4099.957471,RSI>70,0.7,1.0,0.246344,9.999999,2025-10-15T13:53:51.714316
BNBIRT,1173.999197,sell,1156.389209,1191.609185,MAfast<MAslow,0.6,1.0,0.56786,10.000008,2025-10-15T13:53:52.233345
XRPIRT,2.468936,buy,2.50597,2.431902,MAfast>MAslow,0.6,1.0,270.02185,9.999989,2025-10-15T13:53:52.668977
DOGEIRT,0.199812,buy,0.202809,0.196815,MAfast>MAslow,0.6,1.0,3336.469615,9.999399,2025-10-15T13:53:53.048188
BTCIRT,111491.353119,buy,113163.723416,109818.982822,MAfast>MAslow,0.6,1.0,0.00598,10.000774,2025-10-15T13:53:55.513034
ETHIRT,4059.363833,sell,4018.770195,4099.957471,RSI>70,0.7,1.0,0.246344,9.999999,2025-10-15T13:53:55.998269
BNBIRT,1173.999197,buy,1185.739189,1162.259205,RSI<30,0.7,1.0,0.851789,9.999996,2025-10-15T13:53:56.585820
XRPIRT,2.468936,buy,2.50597,2.431902,MAfast>MAslow,0.6,1.0,270.02185,9.999989,2025-10-15T13:53:57.045310
DOGEIRT,0.199812,buy,0.202809,0.196815,MAfast>MAslow,0.6,1.0,3336.469615,9.999399,2025-10-15T13:53:57.446462
BTCIRT,111477.206306,buy,113149.364401,109805.048211,MAfast>MAslow,0.6,1.0,0.00598,9.999505,2025-10-15T13:53:58.901155
ETHIRT,4059.363833,sell,4018.770195,4099.957471,RSI>70,0.7,1.0,0.246344,9.999999,2025-10-15T13:53:59.357598
BNBIRT,1173.999197,sell,1156.389209,1191.609185,MAfast<MAslow,0.6,1.0,0.56786,10.000008,2025-10-15T13:53:59.927260
XRPIRT,2.468936,buy,2.50597,2.431902,MAfast>MAslow,0.6,1.0,270.02185,9.999989,2025-10-15T13:54:00.383071
DOGEIRT,0.199812,sell,0.197814,0.20181,RSI>70,0.7,1.0,5004.704422,9.999399,2025-10-15T13:54:00.753043
BTCIRT,111477.206306,buy,113149.364401,109805.048211,MAfast>MAslow,0.6,1.0,0.00598,9.999505,2025-10-15T13:54:02.210044
ETHIRT,4059.363833,sell,4018.770195,4099.957471,RSI>70,0.7,1.0,0.246344,9.999999,2025-10-15T13:54:02.682623
BNBIRT,1173.999197,sell,1156.389209,1191.609185,MAfast<MAslow,0.6,1.0,0.56786,10.000008,2025-10-15T13:54:03.158786
XRPIRT,2.468936,buy,2.50597,2.431902,MAfast>MAslow,0.6,1.0,270.02185,9.999989,2025-10-15T13:54:03.536208
DOGEIRT,0.199812,sell,0.197814,0.20181,RSI>70,0.7,1.0,5004.704422,9.999399,2025-10-15T13:54:03.979797
BTCIRT,111477.206306,buy,113149.364401,109805.048211,MAfast>MAslow,0.6,1.0,0.00598,9.999505,2025-10-15T13:54:05.593170
ETHIRT,4059.363833,sell,4018.770195,4099.957471,RSI>70,0.7,1.0,0.246344,9.999999,2025-10-15T13:54:06.084969
BNBIRT,1173.999197,sell,1162.259205,1185.739189,RSI>70,0.7,1.0,0.851789,9.999996,2025-10-15T13:54:06.447867
XRPIRT,2.468936,buy,2.50597,2.431902,MAfast>MAslow,0.6,1.0,270.02185,9.999989,2025-10-15T13:54:06.882606
DOGEIRT,0.199812,buy,0.202809,0.196815,MAfast>MAslow,0.6,1.0,3336.469615,9.999399,2025-10-15T13:54:07.321252
BTCIRT,111565.436378,sell,110449.782014,112681.090742,RSI>70,0.7,1.0,0.008963,9.99961,2025-10-15T13:54:08.790366
ETHIRT,4059.363833,sell,4018.770195,4099.957471,RSI>70,0.7,1.0,0.246344,9.999999,2025-10-15T13:54:09.257946
BNBIRT,1173.999197,sell,1156.389209,1191.609185,MAfast<MAslow,0.6,1.0,0.56786,10.000008,2025-10-15T13:54:09.660202
XRPIRT,2.468936,buy,2.50597,2.431902,MAfast>MAslow,0.6,1.0,270.02185,9.999989,2025-10-15T13:54:10.215802
DOGEIRT,0.199812,buy,0.202809,0.196815,MAfast>MAslow,0.6,1.0,3336.469615,9.999399,2025-10-15T13:54:10.682735
BTCIRT,111565.436378,sell,110449.782014,112681.090742,RSI>70,0.7,1.0,0.008963,9.99961,2025-10-15T13:54:12.153438
ETHIRT,4059.363833,sell,4018.770195,4099.957471,RSI>70,0.7,1.0,0.246344,9.999999,2025-10-15T13:54:12.648761
BNBIRT,1173.999197,sell,1156.389209,1191.609185,MAfast<MAslow,0.6,1.0,0.56786,10.000008,2025-10-15T13:54:13.127914
XRPIRT,2.468936,buy,2.50597,2.431902,MAfast>MAslow,0.6,1.0,270.02185,9.999989,2025-10-15T13:54:13.590615
DOGEIRT,0.199812,buy,0.202809,0.196815,MAfast>MAslow,0.6,1.0,3336.469615,9.999399,2025-10-15T13:54:14.081534
BTCIRT,111491.353119,buy,113163.723416,109818.982822,MAfast>MAslow,0.6,1.0,0.00598,10.000774,2025-10-15T13:54:15.908865
ETHIRT,4059.363833,sell,4018.770195,4099.957471,RSI>70,0.7,1.0,0.246344,9.999999,2025-10-15T13:54:16.355148
BNBIRT,1174.998989,sell,1163.248999,1186.748979,RSI>70,0.7,1.0,0.851065,10.000005,2025-10-15T13:54:16.826035
XRPIRT,2.468936,buy,2.50597,2.431902,MAfast>MAslow,0.6,1.0,270.02185,9.999989,2025-10-15T13:54:17.738171
DOGEIRT,0.199821,buy,0.202818,0.196824,MAfast>MAslow,0.6,1.0,3336.319339,9.998949,2025-10-15T13:54:18.236240
BTCIRT,111491.353119,buy,113163.723416,109818.982822,MAfast>MAslow,0.6,1.0,0.00598,10.000774,2025-10-15T13:54:20.478187
ETHIRT,4044.046919,buy,4104.707623,3983.386215,MAfast>MAslow,0.6,1.0,0.164851,9.999978,2025-10-15T13:54:20.961261
BNBIRT,1174.998989,sell,1163.248999,1186.748979,RSI>70,0.7,1.0,0.851065,10.000005,2025-10-15T13:54:21.378596
XRPIRT,2.468936,buy,2.50597,2.431902,MAfast>MAslow,0.6,1.0,270.02185,9.999989,2025-10-15T13:54:21.862074
DOGEIRT,0.199876,buy,0.202874,0.196878,MAfast>MAslow,0.6,1.0,3335.401282,9.999533,2025-10-15T13:54:22.328344
BTCIRT,111561.825846,buy,113235.253234,109888.398458,MAfast>MAslow,0.6,1.0,0.005976,10.000402,2025-10-15T13:54:23.794915
ETHIRT,4044.046919,buy,4104.707623,3983.386215,MAfast>MAslow,0.6,1.0,0.164851,9.999978,2025-10-15T13:54:24.486587
BNBIRT,1174.998989,sell,1163.248999,1186.748979,RSI>70,0.7,1.0,0.851065,10.000005,2025-10-15T13:54:24.949131
XRPIRT,2.468936,buy,2.493625,2.444247,RSI<30,0.7,1.0,405.032775,9.999854,2025-10-15T13:54:25.594609
DOGEIRT,0.199876,sell,0.196878,0.202874,MAfast<MAslow,0.6,1.0,3335.401282,9.999533,2025-10-15T13:54:26.425500
BTCIRT,111561.825846,buy,113235.253234,109888.398458,MAfast>MAslow,0.6,1.0,0.005976,10.000402,2025-10-15T13:54:27.898143
ETHIRT,4044.046919,sell,3983.386215,4104.707623,MAfast<MAslow,0.6,1.0,0.164851,9.999978,2025-10-15T13:54:28.360974
BNBIRT,1174.998989,sell,1163.248999,1186.748979,RSI>70,0.7,1.0,0.851065,10.000005,2025-10-15T13:54:28.844097
XRPIRT,2.468936,buy,2.493625,2.444247,RSI<30,0.7,1.0,405.032775,9.999854,2025-10-15T13:54:29.337226
DOGEIRT,0.199876,sell,0.196878,0.202874,MAfast<MAslow,0.6,1.0,3335.401282,9.999533,2025-10-15T13:54:29.845066
BTCIRT,111561.825846,buy,113235.253234,109888.398458,MAfast>MAslow,0.6,1.0,0.005976,10.000402,2025-10-15T13:54:31.305032
ETHIRT,4044.04756,sell,3983.386847,4104.708273,MAfast<MAslow,0.6,1.0,0.164851,9.999979,2025-10-15T13:54:31.681681
BNBIRT,1175.062628,sell,1163.312002,1186.813254,RSI>70,0.7,1.0,0.851018,9.999994,2025-10-15T13:54:32.212095
XRPIRT,2.46907,buy,2.493761,2.444379,RSI<30,0.7,1.0,405.010794,10.000122,2025-10-15T13:54:32.695225
DOGEIRT,0.199887,sell,0.196889,0.202885,MAfast<MAslow,0.6,1.0,3335.217731,9.998983,2025-10-15T13:54:33.154006
BTCIRT,111567.868136,buy,113241.386158,109894.350114,MAfast>MAslow,0.6,1.0,0.005975,9.99927,2025-10-15T13:54:34.702218
ETHIRT,4044.266589,sell,3983.60259,4104.930588,MAfast<MAslow,0.6,1.0,0.164842,9.999975,2025-10-15T13:54:35.143859
BNBIRT,1175.062628,sell,1163.312002,1186.813254,RSI>70,0.7,1.0,0.851018,9.999994,2025-10-15T13:54:35.649960
XRPIRT,2.468936,sell,2.431902,2.50597,MAfast<MAslow,0.6,1.0,270.02185,9.999989,2025-10-15T13:54:36.081206
DOGEIRT,0.199876,buy,0.201875,0.197877,RSI<30,0.7,1.0,5003.101923,10.001201,2025-10-15T13:54:36.562359
BTCIRT,111484.56253,buy,113156.830968,109812.294092,MAfast>MAslow,0.6,1.0,0.00598,10.000165,2025-10-15T13:54:38.222868
ETHIRT,4044.04756,buy,4084.488036,4003.607084,RSI<30,0.7,1.0,0.247277,10.0,2025-10-15T13:54:41.787973
BNBIRT,1174.998989,sell,1163.248999,1186.748979,RSI>70,0.7,1.0,0.851065,10.000005,2025-10-15T13:54:42.281328
XRPIRT,2.471201,sell,2.446489,2.495913,RSI>70,0.7,1.0,404.661539,9.999996,2025-10-15T13:54:42.745171
DOGEIRT,0.199876,buy,0.201875,0.197877,RSI<30,0.7,1.0,5003.101923,10.001201,2025-10-15T13:54:43.214860
BTCIRT,111484.56253,buy,113156.830968,109812.294092,MAfast>MAslow,0.6,1.0,0.00598,10.000165,2025-10-15T13:54:44.989876
ETHIRT,4044.04756,buy,4084.488036,4003.607084,RSI<30,0.7,1.0,0.247277,10.0,2025-10-15T13:54:45.512609
BNBIRT,1174.998989,sell,1163.248999,1186.748979,RSI>70,0.7,1.0,0.851065,10.000005,2025-10-15T13:54:46.004888
XRPIRT,2.471201,sell,2.446489,2.495913,RSI>70,0.7,1.0,404.661539,9.999996,2025-10-15T13:54:46.484224
DOGEIRT,0.199876,sell,0.197877,0.201875,RSI>70,0.7,1.0,5003.101923,10.001201,2025-10-15T13:54:46.846412
BTCIRT,111561.825846,buy,113235.253234,109888.398458,MAfast>MAslow,0.6,1.0,0.005976,10.000402,2025-10-15T13:54:48.309016
ETHIRT,4044.048164,buy,4084.488646,4003.607682,RSI<30,0.7,1.0,0.247277,10.000001,2025-10-15T13:54:48.765144
BNBIRT,1174.998989,sell,1163.248999,1186.748979,RSI>70,0.7,1.0,0.851065,10.000005,2025-10-15T13:54:49.220368
XRPIRT,2.471201,sell,2.446489,2.495913,RSI>70,0.7,1.0,404.661539,9.999996,2025-10-15T13:54:49.678998
DOGEIRT,0.199887,sell,0.197888,0.201886,RSI>70,0.7,1.0,5002.826597,10.00065,2025-10-15T13:54:50.128005
BTCIRT,111567.868136,buy,113241.386158,109894.350114,MAfast>MAslow,0.6,1.0,0.005975,9.99927,2025-10-15T13:54:51.605135
ETHIRT,4044.267194,buy,4084.709866,4003.824522,RSI<30,0.7,1.0,0.247264,10.000017,2025-10-15T13:54:52.074062
BNBIRT,1175.062628,sell,1163.312002,1186.813254,RSI>70,0.7,1.0,0.851018,9.999994,2025-10-15T13:54:52.567370
XRPIRT,2.471335,sell,2.446622,2.496048,RSI>70,0.7,1.0,404.639598,9.999858,2025-10-15T13:54:52.950595
DOGEIRT,0.199887,sell,0.197888,0.201886,RSI>70,0.7,1.0,5002.826597,10.00065,2025-10-15T13:54:53.317466
BTCIRT,111491.366803,buy,113163.737305,109818.996301,MAfast>MAslow,0.6,1.0,0.00598,10.000776,2025-10-15T13:54:54.816695
ETHIRT,4044.048164,buy,4084.488646,4003.607682,RSI<30,0.7,1.0,0.247277,10.000001,2025-10-15T13:54:55.192587
BNBIRT,1174.998998,sell,1163.249008,1186.748988,RSI>70,0.7,1.0,0.851065,10.000005,2025-10-15T13:54:55.637078
XRPIRT,2.471201,sell,2.446489,2.495913,RSI>70,0.7,1.0,404.661539,9.999996,2025-10-15T13:54:56.010728
DOGEIRT,0.200229,sell,0.198227,0.202231,RSI>70,0.7,1.0,4994.281548,9.998552,2025-10-15T13:54:56.495556
BTCIRT,111570.509059,buy,113244.066695,109896.951423,MAfast>MAslow,0.6,1.0,0.005975,9.999507,2025-10-15T13:54:57.979736
ETHIRT,4044.559306,buy,4085.004899,4004.113713,RSI<30,0.7,1.0,0.247246,10.000011,2025-10-15T13:54:58.427348
BNBIRT,1175.1475,sell,1163.396025,1186.898975,RSI>70,0.7,1.0,0.850957,10.0,2025-10-15T13:54:58.898711
XRPIRT,2.471514,sell,2.446799,2.496229,RSI>70,0.7,1.0,404.610292,9.999943,2025-10-15T13:54:59.491009
DOGEIRT,0.200181,sell,0.198179,0.202183,RSI>70,0.7,1.0,4995.479091,10.000949,2025-10-15T13:55:01.309920
BTCIRT,111543.3213,buy,113216.471119,109870.17148,MAfast>MAslow,0.6,1.0,0.005977,10.000416,2025-10-15T13:55:02.852834
ETHIRT,4043.573718,buy,4084.009455,4003.137981,RSI<30,0.7,1.0,0.247306,10.0,2025-10-15T13:55:03.365867
BNBIRT,1174.861137,sell,1163.112526,1186.609748,RSI>70,0.7,1.0,0.851164,9.999995,2025-10-15T13:55:03.819105
XRPIRT,2.470912,sell,2.446203,2.495621,RSI>70,0.7,1.0,404.708869,9.999951,2025-10-15T13:55:04.277848
DOGEIRT,0.200181,sell,0.198179,0.202183,RSI>70,0.7,1.0,4995.479091,10.000949,2025-10-15T13:55:05.873432
BTCIRT,111543.3213,buy,113216.471119,109870.17148,MAfast>MAslow,0.6,1.0,0.005977,10.000416,2025-10-15T13:55:07.353389
ETHIRT,4043.573718,buy,4084.009455,4003.137981,RSI<30,0.7,1.0,0.247306,10.0,2025-10-15T13:55:07.817865
BNBIRT,1174.861137,sell,1163.112526,1186.609748,RSI>70,0.7,1.0,0.851164,9.999995,2025-10-15T13:55:08.553139
XRPIRT,2.470912,sell,2.446203,2.495621,RSI>70,0.7,1.0,404.708869,9.999951,2025-10-15T13:55:09.182062
DOGEIRT,0.200181,sell,0.198179,0.202183,RSI>70,0.7,1.0,4995.479091,10.000949,2025-10-15T13:55:09.784442
BTCIRT,111548.736462,buy,113221.967509,109875.505415,MAfast>MAslow,0.6,1.0,0.005976,9.999229,2025-10-15T13:55:11.372331
ETHIRT,4043.573718,buy,4084.009455,4003.137981,RSI<30,0.7,1.0,0.247306,10.0,2025-10-15T13:55:12.023198
BNBIRT,1174.998998,buy,1192.623983,1157.374013,MAfast>MAslow,0.6,1.0,0.567376,9.999993,2025-10-15T13:55:12.626914
XRPIRT,2.471201,sell,2.446489,2.495913,RSI>70,0.7,1.0,404.661539,9.999996,2025-10-15T13:55:13.241528
DOGEIRT,0.200204,sell,0.198202,0.202206,RSI>70,0.7,1.0,4994.905197,9.9998,2025-10-15T13:55:13.920265
BTCIRT,111561.825846,buy,113235.253234,109888.398458,MAfast>MAslow,0.6,1.0,0.005976,10.000402,2025-10-15T13:55:15.604763
ETHIRT,4044.559306,sell,3983.890916,4105.227696,MAfast<MAslow,0.6,1.0,0.16483,9.999971,2025-10-15T13:55:16.331363
BNBIRT,1175.1475,buy,1192.774712,1157.520287,MAfast>MAslow,0.6,1.0,0.567305,10.000006,2025-10-15T13:55:17.025156
XRPIRT,2.471514,sell,2.446799,2.496229,RSI>70,0.7,1.0,404.610292,9.999943,2025-10-15T13:55:17.711451
DOGEIRT,0.200229,sell,0.198227,0.202231,RSI>70,0.7,1.0,4994.281548,9.998552,2025-10-15T13:55:18.205685
BTCIRT,111570.509059,buy,113244.066695,109896.951423,MAfast>MAslow,0.6,1.0,0.005975,9.999507,2025-10-15T13:55:19.887851
ETHIRT,4044.26723,sell,3983.603222,4104.931238,MAfast<MAslow,0.6,1.0,0.164842,9.999976,2025-10-15T13:55:20.584646
BNBIRT,1175.062637,buy,1192.688577,1157.436697,MAfast>MAslow,0.6,1.0,0.567346,10.000007,2025-10-15T13:55:21.270239
XRPIRT,2.471335,sell,2.446622,2.496048,RSI>70,0.7,1.0,404.639598,9.999858,2025-10-15T13:55:21.923545
DOGEIRT,0.200215,sell,0.198213,0.202217,RSI>70,0.7,1.0,4994.630772,9.999251,2025-10-15T13:55:23.248592
BTCIRT,111543.3213,buy,113216.471119,109870.17148,MAfast>MAslow,0.6,1.0,0.005977,10.000416,2025-10-15T13:55:25.884433
ETHIRT,4045.362733,sell,3984.682292,4106.043174,MAfast<MAslow,0.6,1.0,0.164798,10.000015,2025-10-15T13:55:30.807509
BNBIRT,1175.380936,buy,1193.01165,1157.750222,MAfast>MAslow,0.6,1.0,0.567192,10.0,2025-10-15T13:55:31.459755
XRPIRT,2.475228,sell,2.450476,2.49998,RSI>70,0.7,1.0,404.003187,9.999887,2025-10-15T13:55:32.157886
DOGEIRT,0.200231,sell,0.198229,0.202233,RSI>70,0.7,1.0,4994.231662,9.998452,2025-10-15T13:55:32.872039
BTCIRT,111576.932799,buy,113250.586791,109903.278807,MAfast>MAslow,0.6,1.0,0.005975,10.000083,2025-10-15T13:55:34.507048
ETHIRT,4044.595818,sell,3983.926881,4105.264755,MAfast<MAslow,0.6,1.0,0.164829,10.0,2025-10-15T13:55:35.152029
BNBIRT,1175.158109,buy,1192.785481,1157.530737,MAfast>MAslow,0.6,1.0,0.5673,10.000008,2025-10-15T13:55:35.814149
XRPIRT,2.488645,sell,2.463759,2.513531,RSI>70,0.7,1.0,401.82509,9.999819,2025-10-15T13:55:36.471892
DOGEIRT,0.200361,sell,0.198357,0.202365,RSI>70,0.7,1.0,4990.991261,10.001946,2025-10-15T13:55:37.158583
BTCIRT,111649.503162,buy,113324.245709,109974.760615,MAfast>MAslow,0.6,1.0,0.005971,9.999888,2025-10-15T13:55:38.663799
ETHIRT,4047.22645,buy,4107.934847,3986.518053,MAfast>MAslow,0.6,1.0,0.164722,10.000009,2025-10-15T13:55:39.161420
BNBIRT,1175.922439,buy,1193.561276,1158.283602,MAfast>MAslow,0.6,1.0,0.566931,10.000003,2025-10-15T13:55:41.037274
XRPIRT,2.488645,sell,2.463759,2.513531,RSI>70,0.7,1.0,401.82509,9.999819,2025-10-15T13:55:42.026516
DOGEIRT,0.200231,sell,0.198229,0.202233,RSI>70,0.7,1.0,4994.231662,9.998452,2025-10-15T13:55:43.165960
BTCIRT,111576.932799,buy,113250.586791,109903.278807,MAfast>MAslow,0.6,1.0,0.005975,10.000083,2025-10-15T13:55:44.995785
ETHIRT,4044.595818,buy,4105.264755,3983.926881,MAfast>MAslow,0.6,1.0,0.164829,10.0,2025-10-15T13:55:45.759063
BNBIRT,1175.158109,buy,1192.785481,1157.530737,MAfast>MAslow,0.6,1.0,0.5673,10.000008,2025-10-15T13:55:46.453579
XRPIRT,2.487027,sell,2.462157,2.511897,RSI>70,0.7,1.0,402.086507,9.999891,2025-10-15T13:55:47.221630
DOGEIRT,0.200231,sell,0.198229,0.202233,RSI>70,0.7,1.0,4994.231662,9.998452,2025-10-15T13:55:48.023632
BTCIRT,111576.932799,buy,113250.586791,109903.278807,MAfast>MAslow,0.6,1.0,0.005975,10.000083,2025-10-15T13:55:55.909101
ETHIRT,4044.595818,buy,4105.264755,3983.926881,MAfast>MAslow,0.6,1.0,0.164829,10.0,2025-10-15T13:55:58.716172
BNBIRT,1175.158109,buy,1192.785481,1157.530737,MAfast>MAslow,0.6,1.0,0.5673,10.000008,2025-10-15T13:55:59.571533
XRPIRT,2.480446,buy,2.517653,2.443239,MAfast>MAslow,0.6,1.0,268.768869,10.000083,2025-10-15T13:56:00.316037
DOGEIRT,0.200233,sell,0.198231,0.202235,RSI>70,0.7,1.0,4994.181778,9.998352,2025-10-15T13:56:00.984875
BTCIRT,111506.464215,buy,113179.061178,109833.867252,MAfast>MAslow,0.6,1.0,0.005979,10.000457,2025-10-15T13:56:02.789373
ETHIRT,4044.595818,buy,4105.264755,3983.926881,MAfast>MAslow,0.6,1.0,0.164829,10.0,2025-10-15T13:56:03.583303
BNBIRT,1174.861137,buy,1192.484054,1157.23822,MAfast>MAslow,0.6,1.0,0.567443,10.000001,2025-10-15T13:56:04.345904
XRPIRT,2.474738,buy,2.511859,2.437617,MAfast>MAslow,0.6,1.0,269.388786,9.999981,2025-10-15T13:56:06.045451
DOGEIRT,0.200182,buy,0.203185,0.197179,MAfast>MAslow,0.6,1.0,3330.302758,10.000899,2025-10-15T13:56:06.574813
BTCIRT,111157.951273,buy,112269.530786,110046.37176,RSI<30,0.7,1.0,0.008996,9.999769,2025-10-15T13:56:08.265049
ETHIRT,4044.940181,buy,4105.614284,3984.266078,MAfast>MAslow,0.6,1.0,0.164815,10.000002,2025-10-15T13:56:08.936764
BNBIRT,1174.861137,buy,1192.484054,1157.23822,MAfast>MAslow,0.6,1.0,0.567443,10.000001,2025-10-15T13:56:09.722525
XRPIRT,2.474738,buy,2.511859,2.437617,MAfast>MAslow,0.6,1.0,269.388786,9.999981,2025-10-15T13:56:11.510777
DOGEIRT,0.200182,buy,0.203185,0.197179,MAfast>MAslow,0.6,1.0,3330.302758,10.000899,2025-10-15T13:56:12.267211
BTCIRT,111186.04883,sell,109518.258098,112853.839562,MAfast<MAslow,0.6,1.0,0.005996,10.000073,2025-10-15T13:56:14.013750
ETHIRT,4045.962626,buy,4106.652065,3985.273187,MAfast>MAslow,0.6,1.0,0.164773,9.999981,2025-10-15T13:56:14.770912
BNBIRT,1175.158109,sell,1157.530737,1192.785481,MAfast<MAslow,0.6,1.0,0.5673,10.000008,2025-10-15T13:56:15.414265
XRPIRT,2.475364,buy,2.512494,2.438234,MAfast>MAslow,0.6,1.0,269.32066,9.999876,2025-10-15T13:56:16.199148
DOGEIRT,0.200417,buy,0.203423,0.197411,MAfast>MAslow,0.6,1.0,3326.397794,9.999152,2025-10-15T13:56:21.174862
BTCIRT,111501.101361,sell,109828.584841,113173.617881,MAfast<MAslow,0.6,1.0,0.005979,9.999976,2025-10-15T13:56:23.228010
ETHIRT,4045.962626,buy,4106.652065,3985.273187,MAfast>MAslow,0.6,1.0,0.164773,9.999981,2025-10-15T13:56:24.155867
BNBIRT,1175.158109,sell,1157.530737,1192.785481,MAfast<MAslow,0.6,1.0,0.5673,10.000008,2025-10-15T13:56:24.874089
XRPIRT,2.475382,buy,2.512513,2.438251,MAfast>MAslow,0.6,1.0,269.318702,10.000073,2025-10-15T13:56:25.544259
DOGEIRT,0.200417,buy,0.203423,0.197411,MAfast>MAslow,0.6,1.0,3326.397794,9.999152,2025-10-15T13:56:26.899216
BTCIRT,111501.101361,sell,109828.584841,113173.617881,MAfast<MAslow,0.6,1.0,0.005979,9.999976,2025-10-15T13:56:30.680450
ETHIRT,4044.940181,buy,4105.614284,3984.266078,MAfast>MAslow,0.6,1.0,0.164815,10.000002,2025-10-15T13:56:31.872367
BNBIRT,1174.861137,sell,1157.23822,1192.484054,MAfast<MAslow,0.6,1.0,0.567443,10.000001,2025-10-15T13:56:33.302119
XRPIRT,2.474756,sell,2.437635,2.511877,MAfast<MAslow,0.6,1.0,269.386827,9.999908,2025-10-15T13:56:34.847351
DOGEIRT,0.200361,buy,0.203366,0.197356,MAfast>MAslow,0.6,1.0,3327.327507,9.998619,2025-10-15T13:56:35.734152
BTCIRT,111501.101361,sell,109828.584841,113173.617881,MAfast<MAslow,0.6,1.0,0.005979,9.999976,2025-10-15T13:56:38.850354
ETHIRT,4044.595818,buy,4105.264755,3983.926881,MAfast>MAslow,0.6,1.0,0.164829,10.0,2025-10-15T13:56:42.534554
BNBIRT,1175.158109,sell,1157.530737,1192.785481,MAfast<MAslow,0.6,1.0,0.5673,10.000008,2025-10-15T13:56:45.440669
XRPIRT,2.485135,buy,2.522412,2.447858,MAfast>MAslow,0.6,1.0,268.261751,9.999993,2025-10-15T13:56:48.160095
DOGEIRT,0.200361,buy,0.203366,0.197356,MAfast>MAslow,0.6,1.0,3327.327507,9.998619,2025-10-15T13:56:50.609285
BTCIRT,111219.441745,sell,109551.150119,112887.733371,MAfast<MAslow,0.6,1.0,0.005994,9.99974,2025-10-15T13:56:56.993817
ETHIRT,4052.6295,sell,4012.103205,4093.155795,RSI>70,0.7,1.0,0.246753,9.999985,2025-10-15T13:56:57.857988
BNBIRT,1175.158109,sell,1157.530737,1192.785481,MAfast<MAslow,0.6,1.0,0.5673,10.000008,2025-10-15T13:56:58.881676
XRPIRT,2.474786,buy,2.511908,2.437664,MAfast>MAslow,0.6,1.0,269.383562,10.000057,2025-10-15T13:57:00.241894
DOGEIRT,0.200412,buy,0.203418,0.197406,MAfast>MAslow,0.6,1.0,3326.480783,9.999401,2025-10-15T13:57:01.592327
BTCIRT,111219.441845,sell,109551.150217,112887.733473,MAfast<MAslow,0.6,1.0,0.005994,9.99974,2025-10-15T13:57:04.142174
ETHIRT,4052.628922,sell,4012.102633,4093.155211,RSI>70,0.7,1.0,0.246753,9.999983,2025-10-15T13:57:05.483914
BNBIRT,1184.521585,sell,1172.676369,1196.366801,RSI>70,0.7,1.0,0.844223,10.000004,2025-10-15T13:57:07.044276
XRPIRT,2.474183,buy,2.511296,2.43707,MAfast>MAslow,0.6,1.0,269.449215,10.000069,2025-10-15T13:57:07.818290
DOGEIRT,0.200363,buy,0.203368,0.197358,MAfast>MAslow,0.6,1.0,3327.294294,9.998519,2025-10-15T13:57:08.456678
BTCIRT,111372.846325,sell,109702.25363,113043.43902,MAfast<MAslow,0.6,1.0,0.005986,10.000168,2025-10-15T13:57:10.483169
ETHIRT,4051.64136,buy,4112.41598,3990.86674,MAfast>MAslow,0.6,1.0,0.164542,9.999978,2025-10-15T13:57:11.348090
BNBIRT,1184.232935,sell,1172.390606,1196.075264,RSI>70,0.7,1.0,0.844428,9.999994,2025-10-15T13:57:12.225251
XRPIRT,2.474183,buy,2.511296,2.43707,MAfast>MAslow,0.6,1.0,269.449215,10.000069,2025-10-15T13:57:12.917295
DOGEIRT,0.19937,buy,0.201364,0.197376,RSI<30,0.7,1.0,5015.799769,10.001505,2025-10-15T13:57:13.728925
BTCIRT,111481.314308,sell,109809.094593,113153.534023,MAfast<MAslow,0.6,1.0,0.00598,9.999874,2025-10-15T13:57:15.533123
ETHIRT,4052.336234,buy,4113.121278,3991.55119,MAfast>MAslow,0.6,1.0,0.164514,9.999991,2025-10-15T13:57:16.168215
BNBIRT,1184.436044,sell,1172.591684,1196.280404,RSI>70,0.7,1.0,0.844284,10.000004,2025-10-15T13:57:16.868425
XRPIRT,2.474183,sell,2.43707,2.511296,MAfast<MAslow,0.6,1.0,269.449215,10.000069,2025-10-15T13:57:17.821293
DOGEIRT,0.200363,sell,0.197358,0.203368,MAfast<MAslow,0.6,1.0,3327.294294,9.998519,2025-10-15T13:57:18.444107
BTCIRT,111211.437398,sell,109543.265837,112879.608959,MAfast<MAslow,0.6,1.0,0.005995,10.000689,2025-10-15T13:57:20.507594
ETHIRT,4052.336234,sell,4011.812872,4092.859596,RSI>70,0.7,1.0,0.246771,9.999991,2025-10-15T13:57:23.081511
BNBIRT,1184.436044,sell,1172.591684,1196.280404,RSI>70,0.7,1.0,0.844284,10.000004,2025-10-15T13:57:23.657900
XRPIRT,2.474607,sell,2.437488,2.511726,MAfast<MAslow,0.6,1.0,269.403047,9.999972,2025-10-15T13:57:24.208725
DOGEIRT,0.200397,sell,0.197391,0.203403,MAfast<MAslow,0.6,1.0,3326.729775,10.00015,2025-10-15T13:57:24.897612
BTCIRT,111481.314308,sell,109809.094593,113153.534023,MAfast<MAslow,0.6,1.0,0.00598,9.999874,2025-10-15T13:57:26.474202
ETHIRT,4053.077541,buy,4113.873704,3992.281378,MAfast>MAslow,0.6,1.0,0.164484,9.999996,2025-10-15T13:57:26.989026
BNBIRT,1184.436044,sell,1172.591684,1196.280404,RSI>70,0.7,1.0,0.844284,10.000004,2025-10-15T13:57:27.913334
XRPIRT,2.474607,sell,2.437488,2.511726,MAfast<MAslow,0.6,1.0,269.403047,9.999972,2025-10-15T13:57:29.256194
DOGEIRT,0.200397,sell,0.197391,0.203403,MAfast<MAslow,0.6,1.0,3326.729775,10.00015,2025-10-15T13:57:29.819141
BTCIRT,111498.411753,sell,109825.935577,113170.887929,MAfast<MAslow,0.6,1.0,0.005979,9.999735,2025-10-15T13:57:31.523646
ETHIRT,4053.078173,sell,4012.547391,4093.608955,RSI>70,0.7,1.0,0.246726,9.999998,2025-10-15T13:57:32.650974
BNBIRT,1174.745949,buy,1192.367138,1157.12476,MAfast>MAslow,0.6,1.0,0.567499,10.000007,2025-10-15T13:57:34.577881
XRPIRT,2.474205,sell,2.437092,2.511318,MAfast<MAslow,0.6,1.0,269.446819,9.99998,2025-10-15T13:57:35.409456
DOGEIRT,0.200371,sell,0.197365,0.203377,MAfast<MAslow,0.6,1.0,3327.161449,10.001447,2025-10-15T13:57:36.062791
BTCIRT,111463.203298,sell,109791.255249,113135.151347,MAfast<MAslow,0.6,1.0,0.005981,9.999921,2025-10-15T13:57:38.557032
ETHIRT,4052.419719,sell,4011.895522,4092.943916,RSI>70,0.7,1.0,0.246766,9.999994,2025-10-15T13:57:40.032926
BNBIRT,1174.480884,buy,1192.098097,1156.863671,MAfast>MAslow,0.6,1.0,0.567627,10.000006,2025-10-15T13:57:41.098106
XRPIRT,2.474205,sell,2.437092,2.511318,MAfast<MAslow,0.6,1.0,269.446819,9.99998,2025-10-15T13:57:42.708273
DOGEIRT,0.200416,buy,0.203422,0.19741,MAfast>MAslow,0.6,1.0,3326.414391,9.999202,2025-10-15T13:57:44.555176
BTCIRT,111506.951876,sell,109834.347598,113179.556154,MAfast<MAslow,0.6,1.0,0.005979,10.000501,2025-10-15T13:57:47.388605
ETHIRT,4053.370888,sell,4012.837179,4093.904597,RSI>70,0.7,1.0,0.246708,9.99999,2025-10-15T13:57:49.375644
BNBIRT,1174.756554,buy,1192.377902,1157.135206,MAfast>MAslow,0.6,1.0,0.567493,9.999992,2025-10-15T13:57:51.433098
XRPIRT,2.474786,sell,2.437664,2.511908,MAfast<MAslow,0.6,1.0,269.383562,10.000057,2025-10-15T13:57:53.361039
DOGEIRT,0.200418,buy,0.203424,0.197412,MAfast>MAslow,0.6,1.0,3326.381197,9.999102,2025-10-15T13:57:55.526811
BTCIRT,111576.932781,buy,113250.586773,109903.278789,MAfast>MAslow,0.6,1.0,0.005975,10.000083,2025-10-15T13:57:58.665025
ETHIRT,4048.314141,buy,4109.038853,3987.589429,MAfast>MAslow,0.6,1.0,0.164678,10.000024,2025-10-15T13:58:00.845917
BNBIRT,1174.756554,sell,1157.135206,1192.377902,MAfast<MAslow,0.6,1.0,0.567493,9.999992,2025-10-15T13:58:01.513497
XRPIRT,2.474205,sell,2.437092,2.511318,MAfast<MAslow,0.6,1.0,269.446819,9.99998,2025-10-15T13:58:05.661668
DOGEIRT,0.200387,buy,0.203393,0.197381,MAfast>MAslow,0.6,1.0,3326.89579,10.000649,2025-10-15T13:58:06.445523
BTCIRT,111576.932781,buy,113250.586773,109903.278789,MAfast>MAslow,0.6,1.0,0.005975,10.000083,2025-10-15T13:58:08.251072
ETHIRT,4048.314141,buy,4109.038853,3987.589429,MAfast>MAslow,0.6,1.0,0.164678,10.000024,2025-10-15T13:58:09.031651
BNBIRT,1174.756554,sell,1157.135206,1192.377902,MAfast<MAslow,0.6,1.0,0.567493,9.999992,2025-10-15T13:58:10.812614
XRPIRT,2.474786,sell,2.437664,2.511908,MAfast<MAslow,0.6,1.0,269.383562,10.000057,2025-10-15T13:58:11.499903
DOGEIRT,0.200434,buy,0.203441,0.197427,MAfast>MAslow,0.6,1.0,3326.115662,10.00163,2025-10-15T13:58:12.045196
BTCIRT,111571.516268,buy,113245.089012,109897.943524,MAfast>MAslow,0.6,1.0,0.005975,9.999597,2025-10-15T13:58:13.790750
ETHIRT,4048.314141,buy,4109.038853,3987.589429,MAfast>MAslow,0.6,1.0,0.164678,10.000024,2025-10-15T13:58:14.513459
BNBIRT,1174.756554,sell,1157.135206,1192.377902,MAfast<MAslow,0.6,1.0,0.567493,9.999992,2025-10-15T13:58:15.496515
XRPIRT,2.474786,sell,2.437664,2.511908,MAfast<MAslow,0.6,1.0,269.383562,10.000057,2025-10-15T13:58:16.466379
DOGEIRT,0.200998,buy,0.204013,0.197983,MAfast>MAslow,0.6,1.0,3316.782588,10.0001,2025-10-15T13:58:17.243335
BTCIRT,111545.334753,buy,113218.514774,109872.154732,MAfast>MAslow,0.6,1.0,0.005977,10.000597,2025-10-15T13:58:19.189661
ETHIRT,4047.364158,buy,4108.07462,3986.653696,MAfast>MAslow,0.6,1.0,0.164716,9.999984,2025-10-15T13:58:19.714939
BNBIRT,1174.480884,sell,1156.863671,1192.098097,MAfast<MAslow,0.6,1.0,0.567627,10.000006,2025-10-15T13:58:20.181173
XRPIRT,2.478867,sell,2.441684,2.51605,MAfast<MAslow,0.6,1.0,268.940071,9.999999,2025-10-15T13:58:23.864926
DOGEIRT,0.200998,buy,0.204013,0.197983,MAfast>MAslow,0.6,1.0,3316.782588,10.0001,2025-10-15T13:58:24.472291
BTCIRT,111576.932799,buy,113250.586791,109903.278807,MAfast>MAslow,0.6,1.0,0.005975,10.000083,2025-10-15T13:58:26.400835
ETHIRT,4048.314141,sell,3987.589429,4109.038853,MAfast<MAslow,0.6,1.0,0.164678,10.000024,2025-10-15T13:58:27.296392
BNBIRT,1174.756554,sell,1157.135206,1192.377902,MAfast<MAslow,0.6,1.0,0.567493,9.999992,2025-10-15T13:58:27.904008
XRPIRT,2.478867,buy,2.51605,2.441684,MAfast>MAslow,0.6,1.0,268.940071,9.999999,2025-10-15T13:58:28.629849
DOGEIRT,0.199386,buy,0.202377,0.196395,MAfast>MAslow,0.6,1.0,3343.59818,10.000702,2025-10-15T13:58:29.402525
BTCIRT,111550.750014,buy,113224.011264,109877.488764,MAfast>MAslow,0.6,1.0,0.005976,9.999409,2025-10-15T13:58:31.173726
ETHIRT,4047.364158,buy,4087.8378,4006.890516,RSI<30,0.7,1.0,0.247074,9.999985,2025-10-15T13:58:31.872312
BNBIRT,1174.480884,sell,1156.863671,1192.098097,MAfast<MAslow,0.6,1.0,0.567627,10.000006,2025-10-15T13:58:32.408752
XRPIRT,2.478285,sell,2.453502,2.503068,RSI>70,0.7,1.0,403.504843,10.000061,2025-10-15T13:58:32.997032
DOGEIRT,0.199386,sell,0.196395,0.202377,MAfast<MAslow,0.6,1.0,3343.59818,10.000702,2025-10-15T13:58:36.741405
BTCIRT,111488.464729,buy,113160.7917,109816.137758,MAfast>MAslow,0.6,1.0,0.00598,10.000515,2025-10-15T13:58:38.391719
ETHIRT,4047.364158,buy,4087.8378,4006.890516,RSI<30,0.7,1.0,0.247074,9.999985,2025-10-15T13:58:39.090291
BNBIRT,1174.756554,buy,1186.50412,1163.008988,RSI<30,0.7,1.0,0.85124,9.999998,2025-10-15T13:58:39.754437
XRPIRT,2.479444,sell,2.45465,2.504238,RSI>70,0.7,1.0,403.316227,9.999823,2025-10-15T13:58:40.511082
DOGEIRT,0.199433,sell,0.196442,0.202424,MAfast<MAslow,0.6,1.0,3342.8102,9.998345,2025-10-15T13:58:40.974117
BTCIRT,111480.297966,buy,113152.502435,109808.093497,MAfast>MAslow,0.6,1.0,0.00598,9.999783,2025-10-15T13:58:42.565608
ETHIRT,4060.649696,sell,3999.739951,4121.559441,MAfast<MAslow,0.6,1.0,0.164177,9.999979,2025-10-15T13:58:44.178033
BNBIRT,1174.480884,buy,1186.225693,1162.736075,RSI<30,0.7,1.0,0.85144,10.0,2025-10-15T13:58:45.156285
XRPIRT,2.479444,sell,2.45465,2.504238,RSI>70,0.7,1.0,403.316227,9.999823,2025-10-15T13:58:46.379571
DOGEIRT,0.199896,sell,0.196898,0.202894,MAfast<MAslow,0.6,1.0,3335.067568,9.998533,2025-10-15T13:58:46.824081
BTCIRT,111576.932799,buy,113250.586791,109903.278807,MAfast>MAslow,0.6,1.0,0.005975,10.000083,2025-10-15T13:58:48.396904
ETHIRT,4061.602797,buy,4122.526839,4000.678755,MAfast>MAslow,0.6,1.0,0.164139,10.000011,2025-10-15T13:58:48.983415
BNBIRT,1174.756554,buy,1186.50412,1163.008988,RSI<30,0.7,1.0,0.85124,9.999998,2025-10-15T13:58:49.629250
XRPIRT,2.479444,sell,2.45465,2.504238,RSI>70,0.7,1.0,403.316227,9.999823,2025-10-15T13:58:50.370619
DOGEIRT,0.199896,sell,0.196898,0.202894,MAfast<MAslow,0.6,1.0,3335.067568,9.998533,2025-10-15T13:58:50.925329
BTCIRT,111576.932799,sell,110461.163471,112692.702127,RSI>70,0.7,1.0,0.008962,9.999525,2025-10-15T13:58:52.505784
ETHIRT,4061.602797,buy,4122.526839,4000.678755,MAfast>MAslow,0.6,1.0,0.164139,10.000011,2025-10-15T13:58:53.196012
BNBIRT,1174.756554,buy,1186.50412,1163.008988,RSI<30,0.7,1.0,0.85124,9.999998,2025-10-15T13:58:53.830550
XRPIRT,2.480112,sell,2.455311,2.504913,RSI>70,0.7,1.0,403.207597,9.999952,2025-10-15T13:58:54.860187
DOGEIRT,0.199896,sell,0.196898,0.202894,MAfast<MAslow,0.6,1.0,3335.067568,9.998533,2025-10-15T13:58:55.555148
BTCIRT,111575.925541,buy,113249.564424,109902.286658,MAfast>MAslow,0.6,1.0,0.005975,9.999992,2025-10-15T13:58:57.260051
ETHIRT,4061.566131,buy,4122.489623,4000.642639,MAfast>MAslow,0.6,1.0,0.16414,9.999982,2025-10-15T13:58:57.909044
BNBIRT,1174.671719,buy,1186.418436,1162.925002,RSI<30,0.7,1.0,0.851302,10.000004,2025-10-15T13:58:58.639332
XRPIRT,2.479933,sell,2.455134,2.504732,RSI>70,0.7,1.0,403.2367,9.999867,2025-10-15T13:59:00.398992
DOGEIRT,0.199882,sell,0.196884,0.20288,MAfast<MAslow,0.6,1.0,3335.301161,9.999233,2025-10-15T13:59:01.004533
BTCIRT,111498.411753,buy,113170.887929,109825.935577,MAfast>MAslow,0.6,1.0,0.005979,9.999735,2025-10-15T13:59:02.586425
ETHIRT,4044.32282,buy,4104.987662,3983.657978,MAfast>MAslow,0.6,1.0,0.16484,9.999993,2025-10-15T13:59:03.284898
BNBIRT,1174.671719,sell,1157.051643,1192.291795,MAfast<MAslow,0.6,1.0,0.567534,9.999992,2025-10-15T13:59:03.954765
XRPIRT,2.479933,sell,2.455134,2.504732,RSI>70,0.7,1.0,403.2367,9.999867,2025-10-15T13:59:04.800403
DOGEIRT,0.199882,sell,0.196884,0.20288,MAfast<MAslow,0.6,1.0,3335.301161,9.999233,2025-10-15T13:59:05.760680
BTCIRT,111498.411753,buy,113170.887929,109825.935577,MAfast>MAslow,0.6,1.0,0.005979,9.999735,2025-10-15T13:59:07.527563
ETHIRT,4044.32282,buy,4104.987662,3983.657978,MAfast>MAslow,0.6,1.0,0.16484,9.999993,2025-10-15T13:59:08.222547
BNBIRT,1174.671719,sell,1157.051643,1192.291795,MAfast<MAslow,0.6,1.0,0.567534,9.999992,2025-10-15T13:59:08.883708
XRPIRT,2.479933,sell,2.455134,2.504732,RSI>70,0.7,1.0,403.2367,9.999867,2025-10-15T13:59:09.530849
DOGEIRT,0.199882,sell,0.196884,0.20288,MAfast<MAslow,0.6,1.0,3335.301161,9.999233,2025-10-15T13:59:10.195202
BTCIRT,111391.948032,buy,113062.827252,109721.068812,MAfast>MAslow,0.6,1.0,0.005985,10.000212,2025-10-15T13:59:11.730063
ETHIRT,4044.32282,sell,3983.657978,4104.987662,MAfast<MAslow,0.6,1.0,0.16484,9.999993,2025-10-15T13:59:12.234779
BNBIRT,1174.671719,sell,1157.051643,1192.291795,MAfast<MAslow,0.6,1.0,0.567534,9.999992,2025-10-15T13:59:12.820113
XRPIRT,2.47953,sell,2.454735,2.504325,RSI>70,0.7,1.0,403.302239,9.999879,2025-10-15T13:59:13.454814
DOGEIRT,0.199849,sell,0.196851,0.202847,MAfast<MAslow,0.6,1.0,3335.851902,10.000884,2025-10-15T13:59:14.224687
BTCIRT,111545.334753,sell,109872.154732,113218.514774,MAfast<MAslow,0.6,1.0,0.005977,10.000597,2025-10-15T13:59:15.936222
ETHIRT,4043.665788,sell,3983.010801,4104.320775,MAfast<MAslow,0.6,1.0,0.164867,10.000006,2025-10-15T13:59:16.656257
BNBIRT,1174.480884,sell,1156.863671,1192.098097,MAfast<MAslow,0.6,1.0,0.567627,10.000006,2025-10-15T13:59:17.355049
XRPIRT,2.47953,sell,2.454735,2.504325,RSI>70,0.7,1.0,403.302239,9.999879,2025-10-15T13:59:18.040145
DOGEIRT,0.199849,sell,0.196851,0.202847,MAfast<MAslow,0.6,1.0,3335.851902,10.000884,2025-10-15T13:59:18.693519
BTCIRT,111545.334753,sell,109872.154732,113218.514774,MAfast<MAslow,0.6,1.0,0.005977,10.000597,2025-10-15T13:59:20.315628
ETHIRT,4043.665788,sell,3983.010801,4104.320775,MAfast<MAslow,0.6,1.0,0.164867,10.000006,2025-10-15T13:59:20.936909
BNBIRT,1174.480884,sell,1156.863671,1192.098097,MAfast<MAslow,0.6,1.0,0.567627,10.000006,2025-10-15T13:59:21.602071
XRPIRT,2.47953,sell,2.454735,2.504325,RSI>70,0.7,1.0,403.302239,9.999879,2025-10-15T13:59:22.075460
DOGEIRT,0.199849,sell,0.196851,0.202847,MAfast<MAslow,0.6,1.0,3335.851902,10.000884,2025-10-15T13:59:22.647444
BTCIRT,111391.948032,sell,109721.068812,113062.827252,MAfast<MAslow,0.6,1.0,0.005985,10.000212,2025-10-15T13:59:24.322605
ETHIRT,4044.32282,sell,3983.657978,4104.987662,MAfast<MAslow,0.6,1.0,0.16484,9.999993,2025-10-15T13:59:24.969350
BNBIRT,1174.67171,sell,1157.051634,1192.291786,MAfast<MAslow,0.6,1.0,0.567534,9.999992,2025-10-15T13:59:25.734372
XRPIRT,2.481224,sell,2.456412,2.506036,RSI>70,0.7,1.0,403.026893,9.999903,2025-10-15T13:59:26.496070
DOGEIRT,0.199882,buy,0.201881,0.197883,RSI<30,0.7,1.0,5002.951742,10.000901,2025-10-15T13:59:27.230438
BTCIRT,111391.948032,sell,109721.068812,113062.827252,MAfast<MAslow,0.6,1.0,0.005985,10.000212,2025-10-15T13:59:28.721354
ETHIRT,4044.32282,sell,3983.657978,4104.987662,MAfast<MAslow,0.6,1.0,0.16484,9.999993,2025-10-15T13:59:29.198675
BNBIRT,1174.67171,sell,1157.051634,1192.291786,MAfast<MAslow,0.6,1.0,0.567534,9.999992,2025-10-15T13:59:29.670317
XRPIRT,2.481224,sell,2.456412,2.506036,RSI>70,0.7,1.0,403.026893,9.999903,2025-10-15T13:59:30.138126
DOGEIRT,0.199882,buy,0.201881,0.197883,RSI<30,0.7,1.0,5002.951742,10.000901,2025-10-15T13:59:30.582975
BTCIRT,111498.411753,sell,109825.935577,113170.887929,MAfast<MAslow,0.6,1.0,0.005979,9.999735,2025-10-15T13:59:32.049689
ETHIRT,4044.32282,sell,3983.657978,4104.987662,MAfast<MAslow,0.6,1.0,0.16484,9.999993,2025-10-15T13:59:35.562128
BNBIRT,1174.67171,sell,1157.051634,1192.291786,MAfast<MAslow,0.6,1.0,0.567534,9.999992,2025-10-15T13:59:36.025397
XRPIRT,2.481224,sell,2.456412,2.506036,RSI>70,0.7,1.0,403.026893,9.999903,2025-10-15T13:59:36.465796
DOGEIRT,0.199882,sell,0.197883,0.201881,RSI>70,0.7,1.0,5002.951742,10.000901,2025-10-15T13:59:36.964950
BTCIRT,111498.411753,sell,109825.935577,113170.887929,MAfast<MAslow,0.6,1.0,0.005979,9.999735,2025-10-15T13:59:38.524211
ETHIRT,4044.32282,sell,3983.657978,4104.987662,MAfast<MAslow,0.6,1.0,0.16484,9.999993,2025-10-15T13:59:39.057235
BNBIRT,1174.67171,sell,1157.051634,1192.291786,MAfast<MAslow,0.6,1.0,0.567534,9.999992,2025-10-15T13:59:39.601938
XRPIRT,2.481224,sell,2.456412,2.506036,RSI>70,0.7,1.0,403.026893,9.999903,2025-10-15T13:59:41.145139
DOGEIRT,0.199882,sell,0.197883,0.201881,RSI>70,0.7,1.0,5002.951742,10.000901,2025-10-15T13:59:41.621613
BTCIRT,111498.411753,sell,109825.935577,113170.887929,MAfast<MAslow,0.6,1.0,0.005979,9.999735,2025-10-15T13:59:43.118153
ETHIRT,4044.324129,sell,3983.659267,4104.988991,MAfast<MAslow,0.6,1.0,0.16484,9.999996,2025-10-15T13:59:43.582756
BNBIRT,1174.671701,buy,1192.291777,1157.051625,MAfast>MAslow,0.6,1.0,0.567534,9.999992,2025-10-15T13:59:44.047314
XRPIRT,2.481224,sell,2.456412,2.506036,RSI>70,0.7,1.0,403.026893,9.999903,2025-10-15T13:59:44.524242
DOGEIRT,0.199882,sell,0.197883,0.201881,RSI>70,0.7,1.0,5002.951742,10.000901,2025-10-15T13:59:45.991958
BTCIRT,111481.304133,sell,109809.084571,113153.523695,MAfast<MAslow,0.6,1.0,0.00598,9.999873,2025-10-15T13:59:47.474902
ETHIRT,4043.703602,buy,4084.140638,4003.266566,RSI<30,0.7,1.0,0.247298,9.999998,2025-10-15T13:59:47.969839
BNBIRT,1174.491466,sell,1156.874094,1192.108838,MAfast<MAslow,0.6,1.0,0.567622,10.000008,2025-10-15T13:59:48.629548
XRPIRT,2.480861,sell,2.456052,2.50567,RSI>70,0.7,1.0,403.085864,10.000157,2025-10-15T13:59:49.097845
DOGEIRT,0.199851,buy,0.20185,0.197852,RSI<30,0.7,1.0,5003.727777,10.002452,2025-10-15T13:59:49.554374
BTCIRT,111540.891858,sell,109867.77848,113214.005236,MAfast<MAslow,0.6,1.0,0.005977,10.000199,2025-10-15T13:59:54.163490
ETHIRT,4044.324138,buy,4084.767379,4003.880897,RSI<30,0.7,1.0,0.24726,9.999996,2025-10-15T13:59:54.625520
BNBIRT,1174.671701,buy,1192.291777,1157.051625,MAfast>MAslow,0.6,1.0,0.567534,9.999992,2025-10-15T13:59:55.098227
XRPIRT,2.481242,sell,2.45643,2.506054,RSI>70,0.7,1.0,403.023969,9.999831,2025-10-15T13:59:55.545456
DOGEIRT,0.199882,buy,0.20288,0.196884,MAfast>MAslow,0.6,1.0,3335.301161,9.999233,2025-10-15T13:59:56.033758
BTCIRT,111563.459108,buy,113236.910995,109890.007221,MAfast>MAslow,0.6,1.0,0.005976,10.000548,2025-10-15T13:59:57.507175
ETHIRT,4044.324264,buy,4084.767507,4003.881021,RSI<30,0.7,1.0,0.24726,9.999996,2025-10-15T13:59:57.984525
BNBIRT,1174.671701,sell,1157.051625,1192.291777,MAfast<MAslow,0.6,1.0,0.567534,9.999992,2025-10-15T13:59:58.467782
XRPIRT,2.481242,buy,2.518461,2.444023,MAfast>MAslow,0.6,1.0,268.682646,10.000099,2025-10-15T13:59:58.927254
DOGEIRT,0.199882,buy,0.20288,0.196884,MAfast>MAslow,0.6,1.0,3335.301161,9.999233,2025-10-15T13:59:59.379830
BTCIRT,111540.891858,buy,113214.005236,109867.77848,MAfast>MAslow,0.6,1.0,0.005977,10.000199,2025-10-15T14:00:00.895369
ETHIRT,4044.324264,buy,4084.767507,4003.881021,RSI<30,0.7,1.0,0.24726,9.999996,2025-10-15T14:00:01.371870
BNBIRT,1174.671701,sell,1157.051625,1192.291777,MAfast<MAslow,0.6,1.0,0.567534,9.999992,2025-10-15T14:00:01.836327
XRPIRT,2.481242,sell,2.45643,2.506054,RSI>70,0.7,1.0,403.023969,9.999831,2025-10-15T14:00:02.278749
DOGEIRT,0.199882,buy,0.20288,0.196884,MAfast>MAslow,0.6,1.0,3335.301161,9.999233,2025-10-15T14:00:02.771777
BTCIRT,111506.464215,buy,113179.061178,109833.867252,MAfast>MAslow,0.6,1.0,0.005979,10.000457,2025-10-15T14:00:07.342611
ETHIRT,4044.616356,sell,3983.947111,4105.285601,MAfast<MAslow,0.6,1.0,0.164828,9.99999,2025-10-15T14:00:07.816434
BNBIRT,1174.756536,buy,1192.377884,1157.135188,MAfast>MAslow,0.6,1.0,0.567493,9.999992,2025-10-15T14:00:08.303454
XRPIRT,2.481421,sell,2.456607,2.506235,RSI>70,0.7,1.0,402.994897,9.999915,2025-10-15T14:00:09.868582
DOGEIRT,0.200137,sell,0.198136,0.202138,RSI>70,0.7,1.0,4996.577345,9.998151,2025-10-15T14:00:10.305203
BTCIRT,111572.627968,buy,113246.217388,109899.038548,MAfast>MAslow,0.6,1.0,0.005975,9.999697,2025-10-15T14:00:11.779697
ETHIRT,4044.616356,sell,3983.947111,4105.285601,MAfast<MAslow,0.6,1.0,0.164828,9.99999,2025-10-15T14:00:12.184246
BNBIRT,1174.756554,buy,1192.377902,1157.135206,MAfast>MAslow,0.6,1.0,0.567493,9.999992,2025-10-15T14:00:12.636983
XRPIRT,2.481421,sell,2.456607,2.506235,RSI>70,0.7,1.0,402.994897,9.999915,2025-10-15T14:00:13.087705
DOGEIRT,0.200134,sell,0.198133,0.202135,RSI>70,0.7,1.0,4996.652243,9.998301,2025-10-15T14:00:13.587727
BTCIRT,111545.438956,buy,113218.62054,109872.257372,MAfast>MAslow,0.6,1.0,0.005977,10.000606,2025-10-15T14:00:15.056566
ETHIRT,4043.703737,sell,3983.048181,4104.359293,MAfast<MAslow,0.6,1.0,0.164865,9.999978,2025-10-15T14:00:15.527894
BNBIRT,1174.491484,buy,1192.108856,1156.874112,MAfast>MAslow,0.6,1.0,0.567622,10.000008,2025-10-15T14:00:15.982277
XRPIRT,2.480879,sell,2.45607,2.505688,RSI>70,0.7,1.0,403.08294,10.000085,2025-10-15T14:00:16.488716
DOGEIRT,0.200088,sell,0.198087,0.202089,RSI>70,0.7,1.0,4997.800968,10.0006,2025-10-15T14:00:16.930187
BTCIRT,111545.438956,buy,113218.62054,109872.257372,MAfast>MAslow,0.6,1.0,0.005977,10.000606,2025-10-15T14:00:18.429911
ETHIRT,4043.703737,sell,3983.048181,4104.359293,MAfast<MAslow,0.6,1.0,0.164865,9.999978,2025-10-15T14:00:18.929819
BNBIRT,1174.491484,sell,1156.874112,1192.108856,MAfast<MAslow,0.6,1.0,0.567622,10.000008,2025-10-15T14:00:19.429749
XRPIRT,2.480879,sell,2.45607,2.505688,RSI>70,0.7,1.0,403.08294,10.000085,2025-10-15T14:00:19.879349
DOGEIRT,0.201314,sell,0.199301,0.203327,RSI>70,0.7,1.0,4967.364416,9.999305,2025-10-15T14:00:21.343862
BTCIRT,111514.732057,buy,113187.453038,109842.011076,MAfast>MAslow,0.6,1.0,0.005978,9.999526,2025-10-15T14:00:24.863923
ETHIRT,4061.675246,sell,4021.058494,4102.291998,RSI>70,0.7,1.0,0.246204,10.000007,2025-10-15T14:00:25.368571
BNBIRT,1174.777765,buy,1192.399431,1157.156099,MAfast>MAslow,0.6,1.0,0.567483,9.999996,2025-10-15T14:00:25.828183
XRPIRT,2.480879,sell,2.45607,2.505688,RSI>70,0.7,1.0,403.08294,10.000085,2025-10-15T14:00:26.358552
DOGEIRT,0.200448,buy,0.203455,0.197441,MAfast>MAslow,0.6,1.0,3325.883355,10.000931,2025-10-15T14:00:26.998349
BTCIRT,111572.627959,sell,110456.901679,112688.354239,RSI>70,0.7,1.0,0.008963,10.000255,2025-10-15T14:00:28.461194
ETHIRT,4061.675246,sell,4021.058494,4102.291998,RSI>70,0.7,1.0,0.246204,10.000007,2025-10-15T14:00:28.930932
BNBIRT,1174.777765,buy,1192.399431,1157.156099,MAfast>MAslow,0.6,1.0,0.567483,9.999996,2025-10-15T14:00:29.304054
XRPIRT,2.482775,sell,2.457947,2.507603,RSI>70,0.7,1.0,402.775121,10.000101,2025-10-15T14:00:29.798068
DOGEIRT,0.200497,buy,0.203504,0.19749,MAfast>MAslow,0.6,1.0,3325.070533,9.998487,2025-10-15T14:00:30.257351
BTCIRT,111573.530739,sell,110457.795432,112689.266046,RSI>70,0.7,1.0,0.008963,10.000336,2025-10-15T14:00:31.754593
ETHIRT,4061.675246,sell,4021.058494,4102.291998,RSI>70,0.7,1.0,0.246204,10.000007,2025-10-15T14:00:32.250927
BNBIRT,1174.777765,buy,1192.399431,1157.156099,MAfast>MAslow,0.6,1.0,0.567483,9.999996,2025-10-15T14:00:32.729282
XRPIRT,2.486865,sell,2.461996,2.511734,RSI>70,0.7,1.0,402.1127,10.000141,2025-10-15T14:00:33.180701
DOGEIRT,0.201318,sell,0.199305,0.203331,RSI>70,0.7,1.0,4967.265719,9.999106,2025-10-15T14:00:33.616271
BTCIRT,111692.29935,sell,110575.376356,112809.222344,RSI>70,0.7,1.0,0.008953,9.999812,2025-10-15T14:00:35.505877
ETHIRT,4061.675246,sell,4021.058494,4102.291998,RSI>70,0.7,1.0,0.246204,10.000007,2025-10-15T14:00:35.963694
BNBIRT,1174.777765,buy,1192.399431,1157.156099,MAfast>MAslow,0.6,1.0,0.567483,9.999996,2025-10-15T14:00:36.477198
XRPIRT,2.486865,sell,2.461996,2.511734,RSI>70,0.7,1.0,402.1127,10.000141,2025-10-15T14:00:36.936989
DOGEIRT,0.202112,sell,0.200091,0.204133,RSI>70,0.7,1.0,4947.751742,9.999406,2025-10-15T14:00:37.398112
BTCIRT,111692.29935,sell,110575.376356,112809.222344,RSI>70,0.7,1.0,0.008953,9.999812,2025-10-15T14:00:38.892886
ETHIRT,4061.675246,sell,4021.058494,4102.291998,RSI>70,0.7,1.0,0.246204,10.000007,2025-10-15T14:00:39.370173
BNBIRT,1174.777765,buy,1192.399431,1157.156099,MAfast>MAslow,0.6,1.0,0.567483,9.999996,2025-10-15T14:00:39.848351
XRPIRT,2.486865,sell,2.461996,2.511734,RSI>70,0.7,1.0,402.1127,10.000141,2025-10-15T14:00:40.243780
