Date,Open,High,Low,Close,VolumeFrom,VolumeTo,symbol
2025-10-13 07:00:00,1.076e-05,1.091e-05,1.075e-05,1.083e-05,264916063056.96,2867200.87,SHIB
2025-10-13 08:00:00,1.083e-05,1.098e-05,1.08e-05,1.095e-05,242807998813.99,2645792.26,SHIB
2025-10-13 09:00:00,1.095e-05,1.097e-05,1.087e-05,1.095e-05,218651579443.35,2391222.72,SHIB
2025-10-13 10:00:00,1.095e-05,1.097e-05,1.088e-05,1.094e-05,160391247638.27,1752941.95,SHIB
2025-10-13 11:00:00,1.094e-05,1.094e-05,1.058e-05,1.073e-05,543727873483.42,5836258.64,SHIB
2025-10-13 12:00:00,1.073e-05,1.089e-05,1.067e-05,1.08e-05,186789568706.75,2016657.43,SHIB
2025-10-13 13:00:00,1.08e-05,1.102e-05,1.076e-05,1.1e-05,473526296279.3,5171174.87,SHIB
2025-10-13 14:00:00,1.1e-05,1.103e-05,1.081e-05,1.087e-05,241356101881.25,2635047.05,SHIB
2025-10-13 15:00:00,1.087e-05,1.105e-05,1.086e-05,1.101e-05,148826936033.09,1632954.06,SHIB
2025-10-13 16:00:00,1.101e-05,1.105e-05,1.089e-05,1.096e-05,214401007584.82,2348761.62,SHIB
2025-10-13 17:00:00,1.096e-05,1.113e-05,1.096e-05,1.113e-05,140009134668.46,1542632.23,SHIB
2025-10-13 18:00:00,1.113e-05,1.12e-05,1.105e-05,1.11e-05,156604779855.68,1740646.87,SHIB
2025-10-13 19:00:00,1.11e-05,1.124e-05,1.108e-05,1.12e-05,134649869087.43,1504948.83,SHIB
2025-10-13 20:00:00,1.12e-05,1.122e-05,1.114e-05,1.122e-05,112042255543.66,1252587.01,SHIB
2025-10-13 21:00:00,1.122e-05,1.129e-05,1.12e-05,1.124e-05,104452964440.23,1174623.83,SHIB
2025-10-13 22:00:00,1.124e-05,1.125e-05,1.114e-05,1.118e-05,90302708386.64,1009919.85,SHIB
2025-10-13 23:00:00,1.118e-05,1.12e-05,1.11e-05,1.111e-05,82803558349.32,922827.73,SHIB
2025-10-14 00:00:00,1.111e-05,1.117e-05,1.107e-05,1.111e-05,120980471941.71,1345432.8,SHIB
2025-10-14 01:00:00,1.111e-05,1.112e-05,1.103e-05,1.105e-05,81282539703.51,900391.74,SHIB
2025-10-14 02:00:00,1.105e-05,1.106e-05,1.093e-05,1.093e-05,121303465204.97,1331920.59,SHIB
2025-10-14 03:00:00,1.093e-05,1.094e-05,1.082e-05,1.088e-05,215974141497.31,2347499.05,SHIB
2025-10-14 04:00:00,1.088e-05,1.09e-05,1.069e-05,1.075e-05,161542095668.06,1742750.57,SHIB
2025-10-14 05:00:00,1.075e-05,1.081e-05,1.059e-05,1.061e-05,218169582372.56,2329832.06,SHIB
2025-10-14 06:00:00,1.061e-05,1.068e-05,1.028e-05,1.043e-05,465965786631.38,4857306.93,SHIB
2025-10-14 07:00:00,1.043e-05,1.051e-05,1.036e-05,1.04e-05,238628049642.61,2486912.28,SHIB
2025-10-14 08:00:00,1.04e-05,1.054e-05,1.034e-05,1.046e-05,163091757402.52,1701726.52,SHIB
2025-10-14 09:00:00,1.046e-05,1.057e-05,1.042e-05,1.047e-05,169830105243.96,1784298.83,SHIB
2025-10-14 10:00:00,1.047e-05,1.047e-05,1.021e-05,1.032e-05,402086478848.64,4154997.33,SHIB
2025-10-14 11:00:00,1.032e-05,1.047e-05,1.032e-05,1.041e-05,135661246635.04,1412070.09,SHIB
2025-10-14 12:00:00,1.041e-05,1.041e-05,1.026e-05,1.029e-05,135340206820.12,1396916.79,SHIB
2025-10-14 13:00:00,1.029e-05,1.043e-05,1.021e-05,1.038e-05,292774797959.37,3021442.0,SHIB
2025-10-14 14:00:00,1.038e-05,1.056e-05,1.038e-05,1.045e-05,217492184028.2,2275519.3,SHIB
2025-10-14 15:00:00,1.045e-05,1.068e-05,1.041e-05,1.067e-05,169918234309.59,1792600.4,SHIB
2025-10-14 16:00:00,1.067e-05,1.083e-05,1.06e-05,1.066e-05,537703039375.12,5756088.19,SHIB
2025-10-14 17:00:00,1.066e-05,1.075e-05,1.055e-05,1.068e-05,205728365137.86,2195666.07,SHIB
2025-10-14 18:00:00,1.068e-05,1.076e-05,1.066e-05,1.069e-05,96936897537.52,1037950.63,SHIB
2025-10-14 19:00:00,1.069e-05,1.075e-05,1.053e-05,1.063e-05,247149034097.24,2632064.89,SHIB
2025-10-14 20:00:00,1.063e-05,1.069e-05,1.06e-05,1.068e-05,96312898120.71,1026235.46,SHIB
2025-10-14 21:00:00,1.068e-05,1.077e-05,1.062e-05,1.076e-05,151446195945.46,1618501.71,SHIB
2025-10-14 22:00:00,1.076e-05,1.078e-05,1.07e-05,1.073e-05,86958694469.81,934391.03,SHIB
2025-10-14 23:00:00,1.073e-05,1.078e-05,1.072e-05,1.074e-05,65028051275.57,699266.4,SHIB
2025-10-15 00:00:00,1.074e-05,1.076e-05,1.067e-05,1.072e-05,81563289981.03,874182.5,SHIB
2025-10-15 01:00:00,1.072e-05,1.073e-05,1.063e-05,1.069e-05,100663424792.73,1074999.48,SHIB
2025-10-15 02:00:00,1.069e-05,1.079e-05,1.069e-05,1.071e-05,100942605409.29,1084678.71,SHIB
2025-10-15 03:00:00,1.071e-05,1.073e-05,1.061e-05,1.066e-05,106324164157.43,1134873.78,SHIB
2025-10-15 04:00:00,1.066e-05,1.075e-05,1.064e-05,1.074e-05,83438646782.28,892091.45,SHIB
2025-10-15 05:00:00,1.074e-05,1.077e-05,1.069e-05,1.072e-05,78570768148.62,843426.76,SHIB
2025-10-15 06:00:00,1.072e-05,1.075e-05,1.064e-05,1.073e-05,83476519975.47,892807.99,SHIB
2025-10-15 07:00:00,1.073e-05,1.076e-05,1.069e-05,1.075e-05,81143980291.26,869817.01,SHIB
2025-10-15 08:00:00,1.075e-05,1.089e-05,1.073e-05,1.076e-05,154716789612.47,1670690.7,SHIB
2025-10-15 09:00:00,1.076e-05,1.077e-05,1.069e-05,1.07e-05,98991864302.92,1062058.11,SHIB
2025-10-15 10:00:00,1.07e-05,1.072e-05,1.063e-05,1.066e-05,85326715669.02,910470.11,SHIB
2025-10-15 11:00:00,1.066e-05,1.068e-05,1.057e-05,1.061e-05,107730022207.2,1143350.64,SHIB
2025-10-15 12:00:00,1.061e-05,1.062e-05,1.048e-05,1.055e-05,181270057208.68,1909723.72,SHIB
2025-10-15 13:00:00,1.055e-05,1.059e-05,1.04e-05,1.053e-05,371241369436.49,3895698.11,SHIB
2025-10-15 14:00:00,1.053e-05,1.061e-05,1.042e-05,1.046e-05,144322314380.68,1521120.08,SHIB
2025-10-15 15:00:00,1.046e-05,1.051e-05,1.035e-05,1.04e-05,167318194489.7,1744196.31,SHIB
2025-10-15 16:00:00,1.04e-05,1.045e-05,1.034e-05,1.042e-05,145463237298.9,1512849.96,SHIB
2025-10-15 17:00:00,1.042e-05,1.044e-05,1.03e-05,1.043e-05,155844491087.7,1616092.56,SHIB
2025-10-15 18:00:00,1.043e-05,1.047e-05,1.039e-05,1.046e-05,61835030342.9,644489.57,SHIB
2025-10-15 19:00:00,1.046e-05,1.046e-05,1.032e-05,1.035e-05,87162429959.99,905504.15,SHIB
2025-10-15 20:00:00,1.035e-05,1.039e-05,1.02e-05,1.029e-05,178231000685.28,1834273.94,SHIB
2025-10-15 21:00:00,1.029e-05,1.037e-05,1.021e-05,1.028e-05,133753662717.12,1376071.38,SHIB
2025-10-15 22:00:00,1.028e-05,1.034e-05,1.025e-05,1.027e-05,92010325031.51,947239.61,SHIB
2025-10-15 23:00:00,1.027e-05,1.033e-05,1.027e-05,1.033e-05,73779366844.99,759991.26,SHIB
2025-10-16 00:00:00,1.033e-05,1.035e-05,1.028e-05,1.029e-05,77455788458.27,799048.66,SHIB
2025-10-16 01:00:00,1.029e-05,1.04e-05,1.029e-05,1.039e-05,60005463460.89,621138.22,SHIB
2025-10-16 02:00:00,1.039e-05,1.043e-05,1.034e-05,1.04e-05,69143317840.93,717608.62,SHIB
2025-10-16 03:00:00,1.04e-05,1.041e-05,1.034e-05,1.034e-05,63597120556.28,659623.63,SHIB
2025-10-16 04:00:00,1.034e-05,1.04e-05,1.031e-05,1.033e-05,47145171455.12,488530.51,SHIB
2025-10-16 05:00:00,1.033e-05,1.038e-05,1.026e-05,1.032e-05,61287423085.88,632944.34,SHIB
2025-10-16 06:00:00,1.032e-05,1.042e-05,1.031e-05,1.04e-05,91530297121.32,949118.75,SHIB
2025-10-16 07:00:00,1.04e-05,1.041e-05,1.031e-05,1.033e-05,73855157494.74,764125.62,SHIB
2025-10-16 08:00:00,1.033e-05,1.035e-05,1.026e-05,1.027e-05,67689724721.98,697241.82,SHIB
2025-10-16 09:00:00,1.027e-05,1.038e-05,1.007e-05,1.035e-05,413435311908.78,4217289.18,SHIB
2025-10-16 10:00:00,1.035e-05,1.048e-05,1.035e-05,1.042e-05,104731156104.65,1091237.76,SHIB
2025-10-16 11:00:00,1.042e-05,1.045e-05,1.038e-05,1.045e-05,90010954751.74,937990.92,SHIB
2025-10-16 12:00:00,1.045e-05,1.052e-05,1.044e-05,1.047e-05,112384509692.08,1177178.36,SHIB
2025-10-16 13:00:00,1.047e-05,1.049e-05,1.038e-05,1.04e-05,103487360310.71,1080340.78,SHIB
2025-10-16 14:00:00,1.04e-05,1.046e-05,1.028e-05,1.035e-05,162975128896.31,1686104.02,SHIB
2025-10-16 15:00:00,1.035e-05,1.038e-05,1.006e-05,1.009e-05,260809283676.55,2664296.82,SHIB
2025-10-16 16:00:00,1.009e-05,1.028e-05,9.98e-06,1.028e-05,319813891464.6,3226567.08,SHIB
2025-10-16 17:00:00,1.028e-05,1.028e-05,1.016e-05,1.017e-05,155543574029.15,1587608.49,SHIB
2025-10-16 18:00:00,1.017e-05,1.017e-05,1.005e-05,1.011e-05,220596274609.41,2228338.62,SHIB
2025-10-16 19:00:00,1.011e-05,1.012e-05,9.89e-06,9.98e-06,195191692377.93,1949394.13,SHIB
2025-10-16 20:00:00,9.98e-06,1.003e-05,9.89e-06,9.93e-06,152461948744.26,1518613.29,SHIB
2025-10-16 21:00:00,9.93e-06,1.002e-05,9.91e-06,1.002e-05,144363147409.73,1437780.71,SHIB
2025-10-16 22:00:00,1.002e-05,1.002e-05,9.91e-06,9.91e-06,87967743287.41,877352.75,SHIB
2025-10-16 23:00:00,9.91e-06,1.002e-05,9.9e-06,1e-05,92838562389.23,925350.85,SHIB
2025-10-17 00:00:00,1e-05,1.006e-05,9.99e-06,1.003e-05,85162443361.76,853427.01,SHIB
2025-10-17 01:00:00,1.003e-05,1.012e-05,9.99e-06,1.003e-05,97004201072.79,976263.14,SHIB
2025-10-17 02:00:00,1.003e-05,1.007e-05,9.97e-06,1.005e-05,63059287750.25,631597.74,SHIB
2025-10-17 03:00:00,1.005e-05,1.009e-05,1.004e-05,1.008e-05,48667690158.76,490031.15,SHIB
2025-10-17 04:00:00,1.008e-05,1.01e-05,1.003e-05,1.004e-05,88267510444.51,887715.12,SHIB
2025-10-17 05:00:00,1.004e-05,1.005e-05,9.92e-06,9.92e-06,230248921177.82,2293919.61,SHIB
2025-10-17 06:00:00,9.92e-06,9.96e-06,9.65e-06,9.68e-06,518273873894.93,5063927.44,SHIB
2025-10-17 07:00:00,9.68e-06,9.69e-06,9.42e-06,9.42e-06,983874053281.79,9357263.7,SHIB
2025-10-17 08:00:00,9.42e-06,9.47e-06,9.27e-06,9.33e-06,545568470508.75,5107012.25,SHIB
2025-10-17 09:00:00,9.33e-06,9.62e-06,9.31e-06,9.49e-06,292940176211.55,2781172.3,SHIB
2025-10-17 10:00:00,9.49e-06,9.54e-06,9.35e-06,9.53e-06,259445484939.03,2450108.62,SHIB
2025-10-17 11:00:00,9.53e-06,9.75e-06,9.52e-06,9.69e-06,301260581854.1,2911478.9,SHIB
2025-10-17 12:00:00,9.69e-06,9.75e-06,9.62e-06,9.62e-06,138776574181.96,1346009.8,SHIB
2025-10-17 13:00:00,9.62e-06,9.73e-06,9.56e-06,9.68e-06,371337032099.38,3582355.91,SHIB
2025-10-17 14:00:00,9.68e-06,9.71e-06,9.5e-06,9.58e-06,196044091820.34,1882188.96,SHIB
2025-10-17 15:00:00,9.58e-06,9.78e-06,9.57e-06,9.78e-06,330866548391.33,3194320.47,SHIB
2025-10-17 16:00:00,9.78e-06,9.88e-06,9.66e-06,9.68e-06,232765476351.28,2275193.22,SHIB
2025-10-17 17:00:00,9.68e-06,9.75e-06,9.67e-06,9.72e-06,150508262385.33,1460838.11,SHIB
2025-10-17 18:00:00,9.72e-06,9.79e-06,9.71e-06,9.73e-06,71912682046.47,700790.09,SHIB
2025-10-17 19:00:00,9.73e-06,9.76e-06,9.66e-06,9.71e-06,91310222334.46,886971.92,SHIB
2025-10-17 20:00:00,9.71e-06,9.79e-06,9.68e-06,9.78e-06,81050048383.63,790768.82,SHIB
2025-10-17 21:00:00,9.78e-06,9.84e-06,9.77e-06,9.83e-06,101251444155.06,994209.72,SHIB
2025-10-17 22:00:00,9.83e-06,9.84e-06,9.76e-06,9.79e-06,86515267461.76,847435.78,SHIB
2025-10-17 23:00:00,9.79e-06,9.8e-06,9.73e-06,9.75e-06,86210364078.52,840862.42,SHIB
2025-10-18 00:00:00,9.75e-06,9.8e-06,9.73e-06,9.78e-06,83468740334.42,814763.04,SHIB
2025-10-18 01:00:00,9.78e-06,9.87e-06,9.78e-06,9.86e-06,76721735966.9,754581.54,SHIB
2025-10-18 02:00:00,9.86e-06,9.9e-06,9.81e-06,9.83e-06,94070223797.87,926932.78,SHIB
2025-10-18 03:00:00,9.83e-06,9.89e-06,9.83e-06,9.87e-06,56833025934.19,560720.32,SHIB
2025-10-18 04:00:00,9.87e-06,9.87e-06,9.8e-06,9.81e-06,92616677777.85,909887.19,SHIB
2025-10-18 05:00:00,9.81e-06,9.83e-06,9.78e-06,9.82e-06,116246575410.86,1140343.85,SHIB
2025-10-18 06:00:00,9.82e-06,9.88e-06,9.82e-06,9.87e-06,73501870186.94,723851.8,SHIB
2025-10-18 07:00:00,9.87e-06,9.99e-06,9.87e-06,9.88e-06,152735765251.84,1516720.1,SHIB
2025-10-18 08:00:00,9.88e-06,9.91e-06,9.84e-06,9.84e-06,85018839543.95,839916.95,SHIB
2025-10-18 09:00:00,9.84e-06,9.91e-06,9.83e-06,9.9e-06,89086370268.44,879677.84,SHIB
2025-10-18 10:00:00,9.9e-06,9.92e-06,9.86e-06,9.89e-06,69046811527.38,682798.8,SHIB
2025-10-18 11:00:00,9.89e-06,9.91e-06,9.84e-06,9.89e-06,298117306479.62,2947510.42,SHIB
2025-10-18 12:00:00,9.89e-06,9.91e-06,9.84e-06,9.86e-06,165888205572.34,1637972.98,SHIB
2025-10-18 13:00:00,9.86e-06,9.86e-06,9.77e-06,9.8e-06,156304731530.77,1533541.51,SHIB
2025-10-18 14:00:00,9.8e-06,9.85e-06,9.75e-06,9.83e-06,96804845047.8,948702.06,SHIB
2025-10-18 15:00:00,9.83e-06,9.84e-06,9.79e-06,9.83e-06,66461755006.14,652705.63,SHIB
2025-10-18 16:00:00,9.83e-06,9.84e-06,9.76e-06,9.8e-06,90629354360.11,887745.68,SHIB
2025-10-18 17:00:00,9.8e-06,9.92e-06,9.79e-06,9.92e-06,99882702902.84,984800.6,SHIB
2025-10-18 18:00:00,9.92e-06,9.92e-06,9.87e-06,9.88e-06,69730951173.39,689481.92,SHIB
2025-10-18 19:00:00,9.88e-06,9.91e-06,9.87e-06,9.9e-06,62017404683.84,613248.25,SHIB
2025-10-18 20:00:00,9.9e-06,9.92e-06,9.88e-06,9.89e-06,58784873777.34,582216.92,SHIB
2025-10-18 21:00:00,9.89e-06,9.94e-06,9.87e-06,9.94e-06,84608419368.59,837124.15,SHIB
2025-10-18 22:00:00,9.94e-06,9.97e-06,9.9e-06,9.92e-06,67063643840.86,666444.6,SHIB
2025-10-18 23:00:00,9.92e-06,9.93e-06,9.9e-06,9.91e-06,54162235876.48,536729.08,SHIB
2025-10-19 00:00:00,9.91e-06,9.93e-06,9.85e-06,9.88e-06,84634626291.7,836872.22,SHIB
2025-10-19 01:00:00,9.88e-06,9.91e-06,9.85e-06,9.9e-06,58255065968.75,575541.22,SHIB
2025-10-19 02:00:00,9.9e-06,9.92e-06,9.87e-06,9.89e-06,48859235646.7,483322.0,SHIB
2025-10-19 03:00:00,9.89e-06,9.96e-06,9.87e-06,9.94e-06,53249959055.72,528032.75,SHIB
2025-10-19 04:00:00,9.94e-06,9.95e-06,9.9e-06,9.91e-06,62937193084.21,624059.63,SHIB
2025-10-19 05:00:00,9.91e-06,9.92e-06,9.86e-06,9.86e-06,75960964160.83,751153.24,SHIB
2025-10-19 06:00:00,9.86e-06,9.88e-06,9.83e-06,9.85e-06,82817756893.24,816015.54,SHIB
2025-10-19 07:00:00,9.85e-06,9.87e-06,9.84e-06,9.87e-06,66917210528.35,659723.87,SHIB
2025-10-19 08:00:00,9.87e-06,9.95e-06,9.82e-06,9.85e-06,207924782638.96,2053739.55,SHIB
2025-10-19 09:00:00,9.85e-06,1e-05,9.79e-06,9.94e-06,230420362666.29,2280678.87,SHIB
2025-10-19 10:00:00,9.94e-06,1.01e-05,9.92e-06,1.005e-05,160263946073.84,1605702.02,SHIB
2025-10-19 11:00:00,1.005e-05,1.011e-05,1.001e-05,1.005e-05,102475962041.58,1030962.54,SHIB
2025-10-19 12:00:00,1.005e-05,1.006e-05,9.99e-06,1.001e-05,68936406230.06,690225.2,SHIB
2025-10-19 13:00:00,1.001e-05,1.016e-05,1e-05,1.014e-05,106310422754.06,1071911.79,SHIB
2025-10-19 14:00:00,1.014e-05,1.018e-05,1.01e-05,1.017e-05,147675585098.67,1498506.44,SHIB
2025-10-19 15:00:00,1.017e-05,1.018e-05,1.009e-05,1.01e-05,84899266999.64,859987.59,SHIB
2025-10-19 16:00:00,1.01e-05,1.014e-05,1.006e-05,1.011e-05,93958801237.86,948553.43,SHIB
2025-10-19 17:00:00,1.011e-05,1.018e-05,1.009e-05,1.011e-05,134821252031.93,1367104.18,SHIB
2025-10-19 18:00:00,1.011e-05,1.014e-05,1.009e-05,1.013e-05,61730393302.42,624422.11,SHIB
2025-10-19 19:00:00,1.013e-05,1.013e-05,1.01e-05,1.012e-05,57197778858.77,578640.26,SHIB
2025-10-19 20:00:00,1.012e-05,1.016e-05,1.01e-05,1.015e-05,64585216711.18,653995.31,SHIB
2025-10-19 21:00:00,1.015e-05,1.016e-05,1.01e-05,1.014e-05,70649169250.86,715574.31,SHIB
2025-10-19 22:00:00,1.014e-05,1.016e-05,1.013e-05,1.014e-05,71492740616.66,725570.21,SHIB
2025-10-19 23:00:00,1.014e-05,1.014e-05,1.006e-05,1.007e-05,85538102721.12,863387.3,SHIB
2025-10-20 00:00:00,1.007e-05,1.008e-05,9.93e-06,1.001e-05,133860467392.7,1337827.87,SHIB
2025-10-20 01:00:00,1.001e-05,1.004e-05,9.98e-06,1e-05,84427419263.95,845105.59,SHIB
2025-10-20 02:00:00,1e-05,1.005e-05,9.95e-06,1.004e-05,79204203398.22,792904.04,SHIB
2025-10-20 03:00:00,1.004e-05,1.021e-05,1.002e-05,1.02e-05,124749226523.5,1261726.97,SHIB
2025-10-20 04:00:00,1.02e-05,1.022e-05,1.018e-05,1.022e-05,163756520822.87,1671018.69,SHIB
2025-10-20 05:00:00,1.022e-05,1.026e-05,1.019e-05,1.025e-05,64327724241.0,657800.74,SHIB
2025-10-20 06:00:00,1.025e-05,1.032e-05,1.024e-05,1.029e-05,116289434089.09,1196442.18,SHIB
2025-10-20 07:00:00,1.029e-05,1.029e-05,1.022e-05,1.024e-05,101755573279.08,1043897.22,SHIB
2025-10-20 08:00:00,1.024e-05,1.029e-05,1.021e-05,1.023e-05,82911751519.35,848543.94,SHIB
2025-10-20 09:00:00,1.023e-05,1.025e-05,1.019e-05,1.024e-05,65020831433.67,664770.17,SHIB
2025-10-20 10:00:00,1.024e-05,1.033e-05,1.022e-05,1.025e-05,131225006834.84,1348866.42,SHIB
2025-10-20 11:00:00,1.025e-05,1.026e-05,1.021e-05,1.025e-05,85136883323.12,871591.8,SHIB
2025-10-20 12:00:00,1.025e-05,1.025e-05,1.021e-05,1.023e-05,62865356371.1,643156.28,SHIB
2025-10-20 13:00:00,1.023e-05,1.027e-05,1.019e-05,1.026e-05,116230335933.16,1190046.8,SHIB
2025-10-20 14:00:00,1.026e-05,1.028e-05,1.02e-05,1.024e-05,167195317950.26,1712290.53,SHIB
2025-10-20 15:00:00,1.024e-05,1.027e-05,1.017e-05,1.017e-05,147857828545.6,1510941.3,SHIB
2025-10-20 16:00:00,1.017e-05,1.019e-05,1.004e-05,1.012e-05,295895827796.3,2992751.34,SHIB
2025-10-20 17:00:00,1.012e-05,1.018e-05,1.008e-05,1.012e-05,161932974616.48,1640052.98,SHIB
2025-10-20 18:00:00,1.012e-05,1.014e-05,1.009e-05,1.012e-05,70277288478.75,710816.64,SHIB
2025-10-20 19:00:00,1.012e-05,1.021e-05,1.01e-05,1.018e-05,86613985156.67,878668.74,SHIB
2025-10-20 20:00:00,1.018e-05,1.02e-05,1.016e-05,1.02e-05,59425084683.21,604821.35,SHIB
2025-10-20 21:00:00,1.02e-05,1.025e-05,1.018e-05,1.021e-05,101660312179.56,1038824.17,SHIB
2025-10-20 22:00:00,1.021e-05,1.025e-05,1.018e-05,1.022e-05,77368867635.29,790245.48,SHIB
2025-10-20 23:00:00,1.022e-05,1.024e-05,1.018e-05,1.019e-05,85949042017.52,876801.09,SHIB
2025-10-21 00:00:00,1.019e-05,1.019e-05,1.015e-05,1.016e-05,65574633122.66,666431.74,SHIB
2025-10-21 01:00:00,1.016e-05,1.016e-05,1.008e-05,1.009e-05,102781061828.86,1040138.94,SHIB
2025-10-21 02:00:00,1.009e-05,1.01e-05,1.003e-05,1.004e-05,68860248621.04,692492.84,SHIB
2025-10-21 03:00:00,1.004e-05,1.006e-05,1e-05,1.001e-05,90880607644.62,911197.76,SHIB
2025-10-21 04:00:00,1.001e-05,1.001e-05,9.88e-06,9.89e-06,222087209129.64,2205848.27,SHIB
2025-10-21 05:00:00,9.89e-06,9.92e-06,9.86e-06,9.88e-06,119694760011.46,1183680.67,SHIB
2025-10-21 06:00:00,9.88e-06,9.95e-06,9.86e-06,9.93e-06,99832480671.06,989328.5,SHIB
2025-10-21 07:00:00,9.93e-06,9.98e-06,9.9e-06,9.97e-06,86308252321.17,858348.4,SHIB
2025-10-21 08:00:00,9.97e-06,9.97e-06,9.89e-06,9.92e-06,86152426056.37,855003.61,SHIB
2025-10-21 09:00:00,9.92e-06,9.93e-06,9.89e-06,9.9e-06,77556141931.21,768261.5,SHIB
2025-10-21 10:00:00,9.9e-06,1.001e-05,9.89e-06,9.99e-06,100447721077.33,998074.44,SHIB
2025-10-21 11:00:00,9.99e-06,1.002e-05,9.95e-06,9.98e-06,140163604485.15,1400099.11,SHIB
2025-10-21 12:00:00,9.98e-06,1.009e-05,9.97e-06,1.002e-05,97175406772.44,976078.63,SHIB
2025-10-21 13:00:00,1.002e-05,1.009e-05,9.98e-06,1.003e-05,150849348846.25,1511556.5,SHIB
2025-10-21 14:00:00,1.003e-05,1.027e-05,1.003e-05,1.021e-05,117499520913.91,1194866.48,SHIB
