symbol,type,entry_price,exit_price,stop_loss,capital_used,reason,entry_date,entry_hour
BTC,SHORT,113487.68,113184.33499999998,113689.91,0.02472432378974307,Reversal + Vol>MA + LL/LH,2025-10-14,03:00
SHIB,SHORT,1.088e-05,1.0789999999999997e-05,1.094e-05,83333333.33333178,Reversal + Vol>MA + LL/LH,2025-10-14,03:00
ETH,SHORT,4100.25,4009.7700000000004,4160.57,0.08289124668435054,Reversal + Vol>MA + LL/LH,2025-10-14,04:00
BTC,SHORT,113059.11,112262.35500000001,113590.28,0.009413182220381454,Reversal + Vol>MA + LL/LH,2025-10-14,04:00
BNB,SHORT,1236.98,1217.57,1249.92,0.3863987635239551,Reversal + Vol>MA + LL/LH,2025-10-14,05:00
SHIB,SHORT,1.061e-05,1.0310000000000001e-05,1.081e-05,25000000.000000026,Reversal + Vol>MA + LL/LH,2025-10-14,05:00
PEPE,SHORT,7.48e-06,7.240000000000002e-06,7.64e-06,31250000.000000134,Reversal + Vol>MA + LL/LH,2025-10-14,05:00
ETH,SHORT,4070.08,3985.4949999999994,4126.47,0.0886682035821949,Reversal + Vol>MA + LL/LH,2025-10-14,05:00
BTC,SHORT,111982.74,110910.06000000001,112697.86,0.0069918335384271625,Reversal + Vol>MA + LL/LH,2025-10-14,06:00
BNB,SHORT,1202.97,1142.025,1243.6,0.1230617770120604,Reversal + Vol>MA + LL/LH,2025-10-14,06:00
ETH,SHORT,4003.42,3871.5550000000003,4091.33,0.05687635081333191,Reversal + Vol>MA + LL/LH,2025-10-14,06:00
SHIB,SHORT,1.043e-05,1.0055000000000001e-05,1.068e-05,20000000.000000056,Reversal + Vol>MA + LL/LH,2025-10-14,06:00
PEPE,SHORT,7.31e-06,6.980000000000001e-06,7.53e-06,22727272.72727277,Reversal + Vol>MA + LL/LH,2025-10-14,06:00
ETH,SHORT,3942.1,3875.9349999999995,3986.21,0.1133529811834048,Reversal + Vol>MA + LL/LH,2025-10-14,10:00
BTC,SHORT,110628.2,109564.715,111337.19,0.007052285645777745,Reversal + Vol>MA + LL/LH,2025-10-14,10:00
PEPE,SHORT,7.22e-06,7.085000000000001e-06,7.31e-06,55555555.55555557,Reversal + Vol>MA + LL/LH,2025-10-14,10:00
BNB,SHORT,1183.27,1158.9099999999999,1199.51,0.3078817733990146,Reversal + Vol>MA + LL/LH,2025-10-14,10:00
SHIB,SHORT,1.032e-05,1.0094999999999999e-05,1.047e-05,33333333.333333276,Reversal + Vol>MA + LL/LH,2025-10-14,10:00
ETH,SHORT,3941.17,3892.4950000000003,3973.62,0.1540832049306634,Reversal + Vol>MA + LL/LH,2025-10-14,12:00
PEPE,SHORT,7.16e-06,6.995e-06,7.27e-06,45454545.45454554,Reversal + Vol>MA + LL/LH,2025-10-14,12:00
BNB,SHORT,1149.77,1113.6350000000002,1173.86,0.20755500207555072,Reversal + Vol>MA + LL/LH,2025-10-14,12:00
BNB,LONG,1179.85,1230.3999999999996,1146.15,0.14836795252225599,Breakout + Vol>MA + HH/HL,2025-10-14,13:00
BTC,LONG,111428.75,112196.07500000001,110917.2,0.009774215619196504,Breakout + Vol>MA + HH/HL,2025-10-14,14:00
SHIB,LONG,1.045e-05,1.0555e-05,1.038e-05,71428571.42857212,Breakout + Vol>MA + HH/HL,2025-10-14,14:00
PEPE,LONG,7.45e-06,7.825e-06,7.2e-06,19999999.99999999,Breakout + Vol>MA + HH/HL,2025-10-14,15:00
BTC,LONG,112907.88,115673.16,111064.36,0.002712202742579407,Breakout + Vol>MA + HH/HL,2025-10-14,15:00
ETH,LONG,4085.16,4286.549999999999,3950.9,0.037241173841799556,Breakout + Vol>MA + HH/HL,2025-10-14,15:00
ETH,LONG,4096.04,4152.53,4058.38,0.13276686139139723,Breakout + Vol>MA + HH/HL,2025-10-14,16:00
SHIB,SHORT,1.063e-05,1.045e-05,1.075e-05,41666666.66666648,Reversal + Vol>MA + LL/LH,2025-10-14,19:00
ETH,SHORT,4081.24,4018.524999999999,4123.05,0.11958861516383526,Reversal + Vol>MA + LL/LH,2025-10-15,03:00
PEPE,LONG,7.59e-06,7.695e-06,7.52e-06,71428571.42857125,Breakout + Vol>MA + HH/HL,2025-10-15,08:00
ETH,LONG,4181.73,4275.539999999999,4119.19,0.07994883274704194,Breakout + Vol>MA + HH/HL,2025-10-15,08:00
BTC,LONG,112950.88,113559.70000000001,112545.0,0.012318911993692576,Breakout + Vol>MA + HH/HL,2025-10-15,08:00
BNB,LONG,1203.09,1225.8149999999996,1187.94,0.330033003300333,Breakout + Vol>MA + HH/HL,2025-10-15,08:00
SHIB,SHORT,1.055e-05,1.0445000000000002e-05,1.062e-05,71428571.42857212,Reversal + Vol>MA + LL/LH,2025-10-15,12:00
PEPE,SHORT,7.34e-06,7.190000000000001e-06,7.44e-06,50000000.00000005,Reversal + Vol>MA + LL/LH,2025-10-15,13:00
BTC,SHORT,111393.9,110474.21999999997,112007.02,0.00815501043841323,Reversal + Vol>MA + LL/LH,2025-10-15,13:00
BNB,SHORT,1176.15,1163.1900000000003,1184.79,0.5787037037037123,Reversal + Vol>MA + LL/LH,2025-10-15,13:00
ETH,SHORT,4055.15,3982.76,4103.41,0.10360547036883598,Reversal + Vol>MA + LL/LH,2025-10-15,13:00
SHIB,SHORT,1.04e-05,1.0235000000000003e-05,1.051e-05,45454545.45454589,Reversal + Vol>MA + LL/LH,2025-10-15,15:00
PEPE,SHORT,7.19e-06,7.04e-06,7.29e-06,50000000.00000005,Reversal + Vol>MA + LL/LH,2025-10-15,15:00
BTC,SHORT,110792.44,109611.48999999999,111579.74,0.00635081925568396,Reversal + Vol>MA + LL/LH,2025-10-15,15:00
ETH,SHORT,3980.99,3900.754999999999,4034.48,0.09347541596560063,Reversal + Vol>MA + LL/LH,2025-10-15,15:00
SHIB,SHORT,1.029e-05,1.0139999999999998e-05,1.039e-05,49999999.999999635,Reversal + Vol>MA + LL/LH,2025-10-15,20:00
PEPE,SHORT,7.13e-06,6.980000000000001e-06,7.23e-06,50000000.00000005,Reversal + Vol>MA + LL/LH,2025-10-15,20:00
PEPE,LONG,7.24e-06,7.345e-06,7.17e-06,71428571.42857125,Breakout + Vol>MA + HH/HL,2025-10-16,10:00
SHIB,LONG,1.047e-05,1.0515e-05,1.044e-05,166666666.66666827,Breakout + Vol>MA + HH/HL,2025-10-16,12:00
PEPE,LONG,7.27e-06,7.329999999999999e-06,7.23e-06,125000000.00000119,Breakout + Vol>MA + HH/HL,2025-10-16,12:00
SHIB,SHORT,1.04e-05,1.0265e-05,1.049e-05,55555555.55555609,Reversal + Vol>MA + LL/LH,2025-10-16,13:00
PEPE,SHORT,7.21e-06,7.074999999999998e-06,7.3e-06,55555555.55555504,Reversal + Vol>MA + LL/LH,2025-10-16,13:00
BTC,SHORT,110867.36,109844.975,111548.95,0.007335788377176933,Reversal + Vol>MA + LL/LH,2025-10-16,13:00
ETH,SHORT,4021.3,3951.8050000000003,4067.63,0.10792143319663303,Reversal + Vol>MA + LL/LH,2025-10-16,13:00
BNB,SHORT,1173.25,1156.96,1184.11,0.4604051565377575,Reversal + Vol>MA + LL/LH,2025-10-16,14:00
BTC,SHORT,110523.43,109175.42499999997,111422.1,0.005563777582427286,Reversal + Vol>MA + LL/LH,2025-10-16,14:00
SHIB,SHORT,1.035e-05,1.0184999999999998e-05,1.046e-05,45454545.45454519,Reversal + Vol>MA + LL/LH,2025-10-16,14:00
PEPE,SHORT,7.15e-06,6.970000000000001e-06,7.27e-06,41666666.66666677,Reversal + Vol>MA + LL/LH,2025-10-16,14:00
BNB,SHORT,1135.29,1074.9899999999998,1175.49,0.12437810945273618,Reversal + Vol>MA + LL/LH,2025-10-16,15:00
SHIB,SHORT,1.009e-05,9.654999999999998e-06,1.038e-05,17241379.310344793,Reversal + Vol>MA + LL/LH,2025-10-16,15:00
BTC,SHORT,108553.58,105299.0,110723.3,0.0023044448131556133,Reversal + Vol>MA + LL/LH,2025-10-16,15:00
ETH,SHORT,3907.11,3736.7700000000004,4020.67,0.044029587883057435,Reversal + Vol>MA + LL/LH,2025-10-16,15:00
PEPE,SHORT,6.95e-06,6.590000000000001e-06,7.19e-06,20833333.333333384,Reversal + Vol>MA + LL/LH,2025-10-16,15:00
SHIB,SHORT,1.011e-05,1.002e-05,1.017e-05,83333333.33333413,Reversal + Vol>MA + LL/LH,2025-10-16,18:00
ETH,SHORT,3904.97,3879.4249999999993,3922.0,0.29359953024074814,Reversal + Vol>MA + LL/LH,2025-10-16,18:00
ETH,SHORT,3867.17,3799.5200000000004,3912.27,0.1108647450110867,Reversal + Vol>MA + LL/LH,2025-10-16,19:00
PEPE,SHORT,6.85e-06,6.654999999999999e-06,6.98e-06,38461538.46153833,Reversal + Vol>MA + LL/LH,2025-10-16,19:00
SHIB,SHORT,9.98e-06,9.77e-06,1.012e-05,35714285.71428563,Reversal + Vol>MA + LL/LH,2025-10-16,19:00
SHIB,SHORT,9.92e-06,9.725e-06,1.005e-05,38461538.46153833,Reversal + Vol>MA + LL/LH,2025-10-17,05:00
SHIB,SHORT,9.68e-06,9.260000000000003e-06,9.96e-06,17857142.85714292,Reversal + Vol>MA + LL/LH,2025-10-17,06:00
BTC,SHORT,106749.05,104104.91,108511.81,0.002836461004334121,Reversal + Vol>MA + LL/LH,2025-10-17,06:00
ETH,SHORT,3819.98,3690.845,3906.07,0.05807875479149717,Reversal + Vol>MA + LL/LH,2025-10-17,06:00
PEPE,SHORT,6.61e-06,6.22e-06,6.87e-06,19230769.23076923,Reversal + Vol>MA + LL/LH,2025-10-17,06:00
BNB,SHORT,1095.31,1037.905,1133.58,0.130650640188137,Reversal + Vol>MA + LL/LH,2025-10-17,06:00
BTC,SHORT,105622.62,103700.72999999998,106903.88,0.003902408566567257,Reversal + Vol>MA + LL/LH,2025-10-17,07:00
PEPE,SHORT,6.43e-06,6.1450000000000005e-06,6.62e-06,26315789.47368423,Reversal + Vol>MA + LL/LH,2025-10-17,07:00
BNB,SHORT,1062.72,1007.64,1099.44,0.13616557734204782,Reversal + Vol>MA + LL/LH,2025-10-17,07:00
SHIB,SHORT,9.42e-06,9.014999999999998e-06,9.69e-06,18518518.518518463,Reversal + Vol>MA + LL/LH,2025-10-17,07:00
ETH,SHORT,3756.48,3655.3950000000004,3823.87,0.07419498441905341,Reversal + Vol>MA + LL/LH,2025-10-17,07:00
PEPE,SHORT,6.36e-06,6.21e-06,6.46e-06,50000000.00000005,Reversal + Vol>MA + LL/LH,2025-10-17,08:00
BNB,SHORT,1043.45,1013.6450000000002,1063.32,0.2516356316054367,Reversal + Vol>MA + LL/LH,2025-10-17,08:00
SHIB,SHORT,9.33e-06,9.12e-06,9.47e-06,35714285.71428563,Reversal + Vol>MA + LL/LH,2025-10-17,08:00
BTC,SHORT,104882.32,103659.67000000001,105697.42,0.0061342166605325155,Reversal + Vol>MA + LL/LH,2025-10-17,08:00
ETH,SHORT,3708.97,3617.74,3769.79,0.08220979940808923,Reversal + Vol>MA + LL/LH,2025-10-17,08:00
SHIB,LONG,9.49e-06,9.760000000000001e-06,9.31e-06,27777777.777777784,Breakout + Vol>MA + HH/HL,2025-10-17,09:00
BTC,LONG,105683.19,107190.75000000001,104678.15,0.004974926371089668,Breakout + Vol>MA + HH/HL,2025-10-17,11:00
PEPE,LONG,6.58e-06,6.819999999999999e-06,6.42e-06,31250000.000000134,Breakout + Vol>MA + HH/HL,2025-10-17,11:00
BNB,LONG,1072.39,1117.8250000000003,1042.1,0.16507098052162325,Breakout + Vol>MA + HH/HL,2025-10-17,11:00
ETH,LONG,3778.23,3864.3149999999996,3720.84,0.08712319219376218,Breakout + Vol>MA + HH/HL,2025-10-17,11:00
SHIB,LONG,9.69e-06,9.945e-06,9.52e-06,29411764.70588234,Breakout + Vol>MA + HH/HL,2025-10-17,11:00
BNB,SHORT,1055.96,1033.8200000000002,1070.72,0.33875338753387557,Reversal + Vol>MA + LL/LH,2025-10-17,14:00
BTC,LONG,106799.39,109336.085,105108.26,0.0029566029814384383,Breakout + Vol>MA + HH/HL,2025-10-17,15:00
SHIB,LONG,9.78e-06,1.0094999999999999e-05,9.57e-06,23809523.809523847,Breakout + Vol>MA + HH/HL,2025-10-17,15:00
BNB,LONG,1107.92,1138.13,1087.78,0.24826216484607622,Breakout + Vol>MA + HH/HL,2025-10-18,06:00
ETH,LONG,3892.37,3922.5499999999997,3872.25,0.24850894632206894,Breakout + Vol>MA + HH/HL,2025-10-18,07:00
BNB,LONG,1119.35,1136.6149999999998,1107.84,0.4344048653344921,Breakout + Vol>MA + HH/HL,2025-10-18,07:00
SHIB,SHORT,9.8e-06,9.709999999999997e-06,9.86e-06,83333333.33333178,Reversal + Vol>MA + LL/LH,2025-10-18,13:00
BNB,SHORT,1086.74,1065.305,1101.03,0.34989503149055373,Reversal + Vol>MA + LL/LH,2025-10-18,13:00
BNB,SHORT,1093.65,1082.1450000000004,1101.32,0.6518904823989701,Reversal + Vol>MA + LL/LH,2025-10-18,21:00
ETH,LONG,3906.05,3961.6850000000004,3868.96,0.13480722566729525,Breakout + Vol>MA + HH/HL,2025-10-19,03:00
BTC,SHORT,106890.62,106457.0,107179.7,0.017296250172962397,Reversal + Vol>MA + LL/LH,2025-10-19,05:00
BTC,SHORT,106775.95,106573.13499999998,106911.16,0.03697951334960257,Reversal + Vol>MA + LL/LH,2025-10-19,06:00
ETH,SHORT,3881.43,3852.6449999999995,3900.62,0.2605523710265756,Reversal + Vol>MA + LL/LH,2025-10-19,06:00
PEPE,LONG,6.9e-06,7.08e-06,6.78e-06,41666666.66666677,Breakout + Vol>MA + HH/HL,2025-10-19,10:00
SHIB,LONG,1.005e-05,1.0245000000000001e-05,9.92e-06,38461538.46153833,Breakout + Vol>MA + HH/HL,2025-10-19,10:00
BNB,LONG,1100.81,1122.125,1086.6,0.3518648838845874,Breakout + Vol>MA + HH/HL,2025-10-19,10:00
ETH,LONG,3931.1,3977.63,3900.08,0.16118633139909744,Breakout + Vol>MA + HH/HL,2025-10-19,10:00
BTC,SHORT,107593.39,107198.845,107856.42,0.01900923848990618,Reversal + Vol>MA + LL/LH,2025-10-19,12:00
PEPE,SHORT,6.85e-06,6.76e-06,6.91e-06,83333333.33333296,Reversal + Vol>MA + LL/LH,2025-10-19,12:00
PEPE,LONG,7.07e-06,7.415000000000001e-06,6.84e-06,21739130.434782576,Breakout + Vol>MA + HH/HL,2025-10-19,13:00
ETH,LONG,3971.89,4058.8,3913.95,0.08629616845012074,Breakout + Vol>MA + HH/HL,2025-10-19,13:00
SHIB,LONG,1.014e-05,1.0349999999999997e-05,1e-05,35714285.71428606,Breakout + Vol>MA + HH/HL,2025-10-19,13:00
BNB,LONG,1120.37,1144.1749999999997,1104.5,0.31505986137366315,Breakout + Vol>MA + HH/HL,2025-10-19,14:00
BTC,LONG,108410.93,109195.025,107888.2,0.009565167486082755,Breakout + Vol>MA + HH/HL,2025-10-19,14:00
SHIB,LONG,1.017e-05,1.0274999999999999e-05,1.01e-05,71428571.42857212,Breakout + Vol>MA + HH/HL,2025-10-19,14:00
ETH,LONG,3989.59,4040.5600000000004,3955.61,0.14714537963507937,Breakout + Vol>MA + HH/HL,2025-10-19,14:00
BTC,LONG,109113.77,109857.725,108617.8,0.010081254914611747,Breakout + Vol>MA + HH/HL,2025-10-19,17:00
ETH,LONG,3993.64,4012.8849999999998,3980.81,0.38971161340608174,Breakout + Vol>MA + HH/HL,2025-10-19,17:00
BTC,SHORT,108055.29,107169.76499999998,108645.64,0.008469551960701196,Reversal + Vol>MA + LL/LH,2025-10-20,00:00
SHIB,SHORT,1.001e-05,9.905000000000001e-06,1.008e-05,71428571.42857212,Reversal + Vol>MA + LL/LH,2025-10-20,00:00
ETH,SHORT,3941.95,3880.8699999999994,3982.67,0.12278978388997959,Reversal + Vol>MA + LL/LH,2025-10-20,00:00
PEPE,SHORT,6.92e-06,6.799999999999999e-06,7e-06,62499999.99999993,Reversal + Vol>MA + LL/LH,2025-10-20,00:00
BNB,SHORT,1101.39,1088.6700000000005,1109.87,0.5896226415094485,Reversal + Vol>MA + LL/LH,2025-10-20,00:00
BTC,LONG,110142.65,112499.50999999998,108571.41,0.0031822000458236995,Breakout + Vol>MA + HH/HL,2025-10-20,03:00
SHIB,LONG,1.02e-05,1.047e-05,1.002e-05,27777777.777777784,Breakout + Vol>MA + HH/HL,2025-10-20,03:00
BNB,LONG,1128.21,1160.355,1106.78,0.233317778814745,Breakout + Vol>MA + HH/HL,2025-10-20,03:00
BTC,LONG,110425.35,111138.99000000002,109949.59,0.010509500588531827,Breakout + Vol>MA + HH/HL,2025-10-20,04:00
ETH,LONG,4054.42,4101.22,4023.22,0.16025641025640885,Breakout + Vol>MA + HH/HL,2025-10-20,04:00
PEPE,LONG,7.22e-06,7.355e-06,7.13e-06,55555555.55555557,Breakout + Vol>MA + HH/HL,2025-10-20,04:00
SHIB,LONG,1.022e-05,1.028e-05,1.018e-05,125000000.00000119,Breakout + Vol>MA + HH/HL,2025-10-20,04:00
ETH,LONG,4061.12,4089.2899999999995,4042.34,0.26624068157614844,Breakout + Vol>MA + HH/HL,2025-10-20,05:00
BTC,LONG,111024.82,112122.29500000001,110293.17,0.006833868653044407,Breakout + Vol>MA + HH/HL,2025-10-20,05:00
SHIB,LONG,1.029e-05,1.0365e-05,1.024e-05,100000000.00000095,Breakout + Vol>MA + HH/HL,2025-10-20,06:00
BTC,LONG,111294.3,111738.48000000001,110998.18,0.01688504660272806,Breakout + Vol>MA + HH/HL,2025-10-20,06:00
ETH,SHORT,4055.0,4022.06,4076.96,0.2276867030965388,Reversal + Vol>MA + LL/LH,2025-10-20,07:00
BNB,SHORT,1125.05,1110.5149999999999,1134.74,0.5159958720330208,Reversal + Vol>MA + LL/LH,2025-10-20,07:00
ETH,SHORT,4045.42,4007.2,4070.9,0.19623233908948182,Reversal + Vol>MA + LL/LH,2025-10-20,08:00
BNB,SHORT,1111.08,1104.3,1115.6,1.106194690265491,Reversal + Vol>MA + LL/LH,2025-10-20,13:00
BTC,LONG,111219.48,111939.19499999999,110739.67,0.010420791563327201,Breakout + Vol>MA + HH/HL,2025-10-20,14:00
BNB,SHORT,1106.31,1097.73,1112.03,0.87412587412587,Reversal + Vol>MA + LL/LH,2025-10-20,14:00
SHIB,SHORT,1.017e-05,1.0019999999999999e-05,1.027e-05,49999999.999999635,Reversal + Vol>MA + LL/LH,2025-10-20,15:00
SHIB,SHORT,1.012e-05,1.0014999999999998e-05,1.019e-05,71428571.42857039,Reversal + Vol>MA + LL/LH,2025-10-20,16:00
BNB,SHORT,1094.23,1069.6600000000003,1110.61,0.30525030525030744,Reversal + Vol>MA + LL/LH,2025-10-20,16:00
PEPE,SHORT,7.11e-06,7.005e-06,7.18e-06,71428571.42857125,Reversal + Vol>MA + LL/LH,2025-10-20,16:00
ETH,SHORT,3949.82,3868.415,4004.09,0.09213193292795285,Reversal + Vol>MA + LL/LH,2025-10-20,16:00
BTC,SHORT,110683.94,109747.41500000001,111308.29,0.008008328661808393,Reversal + Vol>MA + LL/LH,2025-10-20,16:00
PEPE,SHORT,7.1e-06,6.979999999999999e-06,7.18e-06,62499999.99999993,Reversal + Vol>MA + LL/LH,2025-10-21,01:00
BTC,SHORT,109519.14,108926.475,109914.25,0.012654703753385114,Reversal + Vol>MA + LL/LH,2025-10-21,02:00
PEPE,SHORT,7.01e-06,6.874999999999999e-06,7.1e-06,55555555.55555557,Reversal + Vol>MA + LL/LH,2025-10-21,02:00
BNB,SHORT,1080.37,1062.9549999999997,1091.98,0.4306632213608911,Reversal + Vol>MA + LL/LH,2025-10-21,02:00
ETH,SHORT,3851.01,3743.3400000000006,3922.79,0.06965728615213176,Reversal + Vol>MA + LL/LH,2025-10-21,04:00
SHIB,SHORT,9.89e-06,9.71e-06,1.001e-05,41666666.66666648,Reversal + Vol>MA + LL/LH,2025-10-21,04:00
BNB,SHORT,1063.15,1034.8300000000004,1082.03,0.26483050847457795,Reversal + Vol>MA + LL/LH,2025-10-21,04:00
PEPE,SHORT,6.86e-06,6.650000000000001e-06,7e-06,35714285.71428584,Reversal + Vol>MA + LL/LH,2025-10-21,04:00
BTC,SHORT,107787.98,105861.03499999999,109072.61,0.00389217128667397,Reversal + Vol>MA + LL/LH,2025-10-21,04:00
BTC,SHORT,107541.23,106881.09499999997,107981.32,0.011361312458814957,Reversal + Vol>MA + LL/LH,2025-10-21,05:00
BTC,LONG,108499.97,109881.71,107578.81,0.005427938686004582,Breakout + Vol>MA + HH/HL,2025-10-21,10:00
BTC,LONG,108790.32,109264.68000000002,108474.08,0.015810776625347574,Breakout + Vol>MA + HH/HL,2025-10-21,12:00
BNB,SHORT,1071.67,1059.9550000000002,1079.48,0.6402048655569827,Reversal + Vol>MA + LL/LH,2025-10-21,13:00
ETH,SHORT,3866.0,3817.8949999999995,3898.07,0.15590894917368178,Reversal + Vol>MA + LL/LH,2025-10-21,13:00
BTC,SHORT,108423.75,107705.685,108902.46,0.010444736897077422,Reversal + Vol>MA + LL/LH,2025-10-21,13:00
BTC,LONG,110103.13,112642.78000000001,108410.03,0.002953162837398844,Breakout + Vol>MA + HH/HL,2025-10-21,14:00
BNB,LONG,1085.94,1107.8400000000001,1071.34,0.34246575342465435,Breakout + Vol>MA + HH/HL,2025-10-21,14:00
SHIB,LONG,1.021e-05,1.0480000000000001e-05,1.003e-05,27777777.777777784,Breakout + Vol>MA + HH/HL,2025-10-21,14:00
PEPE,LONG,7.03e-06,7.2399999999999984e-06,6.89e-06,35714285.71428584,Breakout + Vol>MA + HH/HL,2025-10-21,14:00
ETH,LONG,3932.94,4034.7000000000003,3865.1,0.07370283018867908,Breakout + Vol>MA + HH/HL,2025-10-21,14:00
